agent,expName,group,model,value,ll,param,param2
610a1655e385fd7341e12778,FullPilot12,perceptual,absolute-var,530.9479337944649,185.72801328834467,$\beta_P$,beta_ff
610a1655e385fd7341e12778,FullPilot12,perceptual,absolute-var,1.0337680578231812e-07,185.72801328834467,$\beta_V$,beta_ss
66f6c4195f17d26ce8c8018d,FullPilot12,perceptual,absolute-var,999.9996422899433,150.65903526577503,$\beta_P$,beta_ff
66f6c4195f17d26ce8c8018d,FullPilot12,perceptual,absolute-var,0.0028651292878976165,150.65903526577503,$\beta_V$,beta_ss
636590165e6fcc3e84ee2b6d,FullPilot12,random,absolute-var,987.3446617126465,182.78364826167962,$\beta_P$,beta_ff
636590165e6fcc3e84ee2b6d,FullPilot12,random,absolute-var,7.67283821105957,182.78364826167962,$\beta_V$,beta_ss
660d619f39d061875f78ac8c,FullPilot12,random,absolute-var,909.5443744659424,179.98385708742322,$\beta_P$,beta_ff
660d619f39d061875f78ac8c,FullPilot12,random,absolute-var,0.00016880035400390625,179.98385708742322,$\beta_V$,beta_ss
667ad18688c9319e6559bdc4,FullPilot12,combined,absolute-var,829.9209924638271,147.8796077559292,$\beta_P$,beta_ff
667ad18688c9319e6559bdc4,FullPilot12,combined,absolute-var,5.21540641784668e-06,147.8796077559292,$\beta_V$,beta_ss
669ede47eb98d478aff45414,FullPilot12,combined,absolute-var,0.050612449645996094,138.610117853981,$\beta_P$,beta_ff
669ede47eb98d478aff45414,FullPilot12,combined,absolute-var,999.999950170517,138.610117853981,$\beta_V$,beta_ss
60d7922fc3809c404939251c,FullPilot12,perceptual,absolute-var,339.56370202451944,152.5113210384847,$\beta_P$,beta_ff
60d7922fc3809c404939251c,FullPilot12,perceptual,absolute-var,1.0337680578231812e-07,152.5113210384847,$\beta_V$,beta_ss
5a9353586219a30001d2f2af,FullPilot12,random,absolute-var,643.2523498535156,176.90610481255044,$\beta_P$,beta_ff
5a9353586219a30001d2f2af,FullPilot12,random,absolute-var,848.1049613952637,176.90610481255044,$\beta_V$,beta_ss
5d5b67ab9ad5a300181398dc,FullPilot12,perceptual,absolute-var,930.788052835612,144.1347025722181,$\beta_P$,beta_ff
5d5b67ab9ad5a300181398dc,FullPilot12,perceptual,absolute-var,1.678165801877185e-06,144.1347025722181,$\beta_V$,beta_ss
6165e6f471254e3af05c5057,FullPilot12,random,absolute-var,960.8559845769778,193.06126455486344,$\beta_P$,beta_ff
6165e6f471254e3af05c5057,FullPilot12,random,absolute-var,1.0337680578231812e-07,193.06126455486344,$\beta_V$,beta_ss
66f7102d3196ce5e60b2c1bd,FullPilot12,perceptual,absolute-var,196.7534488279489,176.38305923535535,$\beta_P$,beta_ff
66f7102d3196ce5e60b2c1bd,FullPilot12,perceptual,absolute-var,1.6239937394857407e-08,176.38305923535535,$\beta_V$,beta_ss
66eeda2bc7d6e9b92b4a81c0,FullPilot12,perceptual,absolute-var,999.996932595988,166.97344322761964,$\beta_P$,beta_ff
66eeda2bc7d6e9b92b4a81c0,FullPilot12,perceptual,absolute-var,2.7027908799936995e-09,166.97344322761964,$\beta_V$,beta_ss
63626fe174f7db263a4aa8f2,FullPilot12,random,absolute-var,580.4661865234375,202.86422737274006,$\beta_P$,beta_ff
63626fe174f7db263a4aa8f2,FullPilot12,random,absolute-var,136.8970947265625,202.86422737274006,$\beta_V$,beta_ss
6167175ed1680ecefc063aed,FullPilot12,perceptual,absolute-var,999.9987108359992,130.94435679030542,$\beta_P$,beta_ff
6167175ed1680ecefc063aed,FullPilot12,perceptual,absolute-var,0.0002619487586343894,130.94435679030542,$\beta_V$,beta_ss
66bb5ad727c62d0960db333c,FullPilot12,perceptual,absolute-var,749.0613543987274,157.68967522556082,$\beta_P$,beta_ff
66bb5ad727c62d0960db333c,FullPilot12,perceptual,absolute-var,4.982948303222656e-05,157.68967522556082,$\beta_V$,beta_ss
64db80772c860983ea3a7310,FullPilot12,random,absolute-var,457.7872314453125,203.1937395485964,$\beta_P$,beta_ff
64db80772c860983ea3a7310,FullPilot12,random,absolute-var,0.025390625,203.1937395485964,$\beta_V$,beta_ss
657b6239aa8091bfa2b24ae0,FullPilot12,perceptual,absolute-var,997.3808470695558,157.89005993393334,$\beta_P$,beta_ff
657b6239aa8091bfa2b24ae0,FullPilot12,perceptual,absolute-var,3.6862603781264625,157.89005993393334,$\beta_V$,beta_ss
66b104dedef80475efe58141,FullPilot12,perceptual,absolute-var,999.6356422225363,164.14102242601393,$\beta_P$,beta_ff
66b104dedef80475efe58141,FullPilot12,perceptual,absolute-var,0.022235921816900373,164.14102242601393,$\beta_V$,beta_ss
66ba4608bc582e7db54007e5,FullPilot13,perceptual,absolute-var,583.9576836486971,181.5472823573985,$\beta_P$,beta_ff
66ba4608bc582e7db54007e5,FullPilot13,perceptual,absolute-var,1.0024780294770608e-07,181.5472823573985,$\beta_V$,beta_ss
615e5b5f1e8fbfe2c701bc8e,FullPilot13,value,absolute-var,676.0682636499405,162.11936547961687,$\beta_P$,beta_ff
615e5b5f1e8fbfe2c701bc8e,FullPilot13,value,absolute-var,522.762399315834,162.11936547961687,$\beta_V$,beta_ss
66c34ed9630786ec5aece5bb,FullPilot13,perceptual,absolute-var,450.8267942532548,186.32308875385917,$\beta_P$,beta_ff
66c34ed9630786ec5aece5bb,FullPilot13,perceptual,absolute-var,0.01606602883839514,186.32308875385917,$\beta_V$,beta_ss
6609e31201eebc9f6a2de74b,FullPilot13,value,absolute-var,1.4975666999816895e-06,131.8920252114623,$\beta_P$,beta_ff
6609e31201eebc9f6a2de74b,FullPilot13,value,absolute-var,791.0023544467986,131.8920252114623,$\beta_V$,beta_ss
665ba7a36d036dd09e9081c2,FullPilot13,perceptual,absolute-var,999.9999998966232,136.4193656674988,$\beta_P$,beta_ff
665ba7a36d036dd09e9081c2,FullPilot13,perceptual,absolute-var,95.32541662710719,136.4193656674988,$\beta_V$,beta_ss
66f3fed9e931683984276fee,FullPilot13,random,absolute-var,727.7170030807029,215.07918973556949,$\beta_P$,beta_ff
66f3fed9e931683984276fee,FullPilot13,random,absolute-var,447.46228230849374,215.07918973556949,$\beta_V$,beta_ss
65c23e2e1a96e23b93afdea0,FullPilot13,value,absolute-var,0.0046391302975052895,121.33837310186956,$\beta_P$,beta_ff
65c23e2e1a96e23b93afdea0,FullPilot13,value,absolute-var,738.0350763300626,121.33837310186956,$\beta_V$,beta_ss
66ae3fb9006e6fc44a2b56df,FullPilot13,combined,absolute-var,764.6064453125,147.8195561424414,$\beta_P$,beta_ff
66ae3fb9006e6fc44a2b56df,FullPilot13,combined,absolute-var,179.49437713623047,147.8195561424414,$\beta_V$,beta_ss
5b6c312fa1fda800015fe165,FullPilot13,combined,absolute-var,333.463623046875,127.31944895235695,$\beta_P$,beta_ff
5b6c312fa1fda800015fe165,FullPilot13,combined,absolute-var,253.39337158203125,127.31944895235695,$\beta_V$,beta_ss
6697dfc91b0e8c6d62d7b472,FullPilot13,perceptual,absolute-var,814.1014859415591,163.32098126279124,$\beta_P$,beta_ff
6697dfc91b0e8c6d62d7b472,FullPilot13,perceptual,absolute-var,180.95449919998646,163.32098126279124,$\beta_V$,beta_ss
66074f7cb655db9adfae591b,FullPilot13,random,absolute-var,496.4527799633797,197.52906500875284,$\beta_P$,beta_ff
66074f7cb655db9adfae591b,FullPilot13,random,absolute-var,1.0337680578231812e-07,197.52906500875284,$\beta_V$,beta_ss
57027c1f68c641000e0c8970,FullPilot13,perceptual,absolute-var,999.9612846374512,161.86320395787686,$\beta_P$,beta_ff
57027c1f68c641000e0c8970,FullPilot13,perceptual,absolute-var,0.00016880035400390625,161.86320395787686,$\beta_V$,beta_ss
655f7e55e36be4f00b49aa5e,FullPilot13,value,absolute-var,605.1036401713354,178.01937758806412,$\beta_P$,beta_ff
655f7e55e36be4f00b49aa5e,FullPilot13,value,absolute-var,864.3030981749762,178.01937758806412,$\beta_V$,beta_ss
66b274c9c39e8e5057bcfaf6,FullPilot13,random,absolute-var,833.2731900811195,189.6612947490084,$\beta_P$,beta_ff
66b274c9c39e8e5057bcfaf6,FullPilot13,random,absolute-var,58.57202696800232,189.6612947490084,$\beta_V$,beta_ss
5d09895e65eb3400189cc207,FullPilot13,perceptual,absolute-var,954.6891729110821,225.28207663165807,$\beta_P$,beta_ff
5d09895e65eb3400189cc207,FullPilot13,perceptual,absolute-var,2.21488107854384e-07,225.28207663165807,$\beta_V$,beta_ss
60c2a30e24e7f2ce0c8b56ca,FullPilot13,perceptual,absolute-var,458.30582277789654,180.04710560676253,$\beta_P$,beta_ff
60c2a30e24e7f2ce0c8b56ca,FullPilot13,perceptual,absolute-var,1.7171259969472885e-09,180.04710560676253,$\beta_V$,beta_ss
66f73913e3459a85f0574823,FullPilot13,perceptual,absolute-var,558.6261057228752,166.5718421745943,$\beta_P$,beta_ff
66f73913e3459a85f0574823,FullPilot13,perceptual,absolute-var,1.0231815394945443e-12,166.5718421745943,$\beta_V$,beta_ss
6643670ad062f01ac1c4b788,FullPilot13,random,absolute-var,560.1802253723145,191.9976612416158,$\beta_P$,beta_ff
6643670ad062f01ac1c4b788,FullPilot13,random,absolute-var,0.000644683837890625,191.9976612416158,$\beta_V$,beta_ss
66d5df2e288343b20df362d4,FullPilot13,random,absolute-var,635.786472301892,327.56740595974236,$\beta_P$,beta_ff
66d5df2e288343b20df362d4,FullPilot13,random,absolute-var,999.9999999996444,327.56740595974236,$\beta_V$,beta_ss
60da2baf34bde948982f84db,FullPilot12,perceptual,absolute-var,913.732812374021,180.0990987677947,$\beta_P$,beta_ff
60da2baf34bde948982f84db,FullPilot12,perceptual,absolute-var,0.0025261453693019575,180.0990987677947,$\beta_V$,beta_ss
663a623d4ea504f754d08b02,FullPilot12,perceptual,absolute-var,141.12682892382145,149.21786043028527,$\beta_P$,beta_ff
663a623d4ea504f754d08b02,FullPilot12,perceptual,absolute-var,5.21540641784668e-06,149.21786043028527,$\beta_V$,beta_ss
5ac560359534ba0001c74715,FullPilot12,combined,absolute-var,321.9754293576908,136.6337585071472,$\beta_P$,beta_ff
5ac560359534ba0001c74715,FullPilot12,combined,absolute-var,1.6819945958638982,136.6337585071472,$\beta_V$,beta_ss
66abc79f0812c1f89a25adfb,FullPilot13,value,absolute-var,393.96605973067574,114.2191641904574,$\beta_P$,beta_ff
66abc79f0812c1f89a25adfb,FullPilot13,value,absolute-var,666.5894067197775,114.2191641904574,$\beta_V$,beta_ss
63254db937c17e8e9200fd54,FullPilot13,combined,absolute-var,875.6885787878119,138.747467765927,$\beta_P$,beta_ff
63254db937c17e8e9200fd54,FullPilot13,combined,absolute-var,2.3435477625782823,138.747467765927,$\beta_V$,beta_ss
665c4e3dc160ab38d079635a,FullPilot12,random,absolute-var,720.4755363594741,200.60221867965885,$\beta_P$,beta_ff
665c4e3dc160ab38d079635a,FullPilot12,random,absolute-var,0.0208827443420887,200.60221867965885,$\beta_V$,beta_ss
663eea8e72f4269ddd149eba,FullPilot12,perceptual,absolute-var,999.9999799132347,184.28328307001127,$\beta_P$,beta_ff
663eea8e72f4269ddd149eba,FullPilot12,perceptual,absolute-var,16.467402935028076,184.28328307001127,$\beta_V$,beta_ss
5d44afdcad6d110019b0a960,FullPilot12,perceptual,absolute-var,999.999950170517,144.09105513721389,$\beta_P$,beta_ff
5d44afdcad6d110019b0a960,FullPilot12,perceptual,absolute-var,4.982948303222656e-05,144.09105513721389,$\beta_V$,beta_ss
66acee53fddf185342f15a88,FullPilot12,combined,absolute-var,890.8378111124039,149.56914508077452,$\beta_P$,beta_ff
66acee53fddf185342f15a88,FullPilot12,combined,absolute-var,2.008676528930664e-05,149.56914508077452,$\beta_V$,beta_ss
660c9c26e4220931438f3d30,FullPilot12,combined,absolute-var,615.8904916270476,140.5535287822824,$\beta_P$,beta_ff
660c9c26e4220931438f3d30,FullPilot12,combined,absolute-var,0.00033813815025496297,140.5535287822824,$\beta_V$,beta_ss
559c3a4dfdf99b32b6963e70,FullPilot13,combined,absolute-var,0.0014395926427823724,125.72651419503504,$\beta_P$,beta_ff
559c3a4dfdf99b32b6963e70,FullPilot13,combined,absolute-var,999.9704388483588,125.72651419503504,$\beta_V$,beta_ss
669f45c902420af78b04a9b1,FullPilot12,value,absolute-var,620.0778355568182,172.20610371603595,$\beta_P$,beta_ff
669f45c902420af78b04a9b1,FullPilot12,value,absolute-var,856.9075217982754,172.20610371603595,$\beta_V$,beta_ss
66f2f743ac55ce843124f2bf,FullPilot13,random,absolute-var,624.6697867961711,227.2376331281069,$\beta_P$,beta_ff
66f2f743ac55ce843124f2bf,FullPilot13,random,absolute-var,497.22202526136243,227.2376331281069,$\beta_V$,beta_ss
5e8fe87009881f2ee83521fb,FullPilot13,perceptual,absolute-var,405.462890625,145.1755191918174,$\beta_P$,beta_ff
5e8fe87009881f2ee83521fb,FullPilot13,perceptual,absolute-var,0.025390625,145.1755191918174,$\beta_V$,beta_ss
6020606d7b0258677b881f63,FullPilot13,value,absolute-var,9.75538806642362e-05,132.02433074263556,$\beta_P$,beta_ff
6020606d7b0258677b881f63,FullPilot13,value,absolute-var,621.7735514312907,132.02433074263556,$\beta_V$,beta_ss
6646aa536ff16adfd7903930,FullPilot13,perceptual,absolute-var,999.9999985024333,147.6246217178773,$\beta_P$,beta_ff
6646aa536ff16adfd7903930,FullPilot13,perceptual,absolute-var,1.4975666999816895e-06,147.6246217178773,$\beta_V$,beta_ss
667ac1826ce22f03fab354c3,FullPilot13,random,absolute-var,311.43814722494653,195.01684895164652,$\beta_P$,beta_ff
667ac1826ce22f03fab354c3,FullPilot13,random,absolute-var,0.00026689808737501153,195.01684895164652,$\beta_V$,beta_ss
6637f4d0a76556e2a39063f4,FullPilot13,perceptual,absolute-var,574.3785796200391,141.12968347043173,$\beta_P$,beta_ff
6637f4d0a76556e2a39063f4,FullPilot13,perceptual,absolute-var,1.0337680578231812e-07,141.12968347043173,$\beta_V$,beta_ss
63b18d94775ad4aad221103c,FullPilot13,value,absolute-var,0.00040654484666902135,114.52963696252493,$\beta_P$,beta_ff
63b18d94775ad4aad221103c,FullPilot13,value,absolute-var,998.5018407135653,114.52963696252493,$\beta_V$,beta_ss
66ad3db205eb0c54c153a291,FullPilot13,combined,absolute-var,714.9184989929199,129.9911617148893,$\beta_P$,beta_ff
66ad3db205eb0c54c153a291,FullPilot13,combined,absolute-var,891.2542686462402,129.9911617148893,$\beta_V$,beta_ss
62b4ef82055cec7135502ada,FullPilot12,random,absolute-var,255.373046875,211.1795739749628,$\beta_P$,beta_ff
62b4ef82055cec7135502ada,FullPilot12,random,absolute-var,936.625,211.1795739749628,$\beta_V$,beta_ss
58c42d725866f200017c5deb,FullPilot12,perceptual,absolute-var,378.73441886901855,141.64321687211498,$\beta_P$,beta_ff
58c42d725866f200017c5deb,FullPilot12,perceptual,absolute-var,0.00016880035400390625,141.64321687211498,$\beta_V$,beta_ss
5e2b3e22a8f85318c2429121,FullPilot12,random,absolute-var,734.0250198752619,187.16772406088188,$\beta_P$,beta_ff
5e2b3e22a8f85318c2429121,FullPilot12,random,absolute-var,0.003857826814055443,187.16772406088188,$\beta_V$,beta_ss
65e0ef2a74037d1530a40cca,FullPilot12,combined,absolute-var,908.3863169783363,151.95739848417335,$\beta_P$,beta_ff
65e0ef2a74037d1530a40cca,FullPilot12,combined,absolute-var,448.4010961375243,151.95739848417335,$\beta_V$,beta_ss
65d54b3b524fcafb543d1b23,FullPilot13,random,absolute-var,955.2948608398438,220.51936505267912,$\beta_P$,beta_ff
65d54b3b524fcafb543d1b23,FullPilot13,random,absolute-var,932.7265625,220.51936505267912,$\beta_V$,beta_ss
5e65c5b41e30883349a25a61,FullPilot13,value,absolute-var,1.6896140463522897,142.04087440927918,$\beta_P$,beta_ff
5e65c5b41e30883349a25a61,FullPilot13,value,absolute-var,392.0859811628552,142.04087440927918,$\beta_V$,beta_ss
5a4245ef7aebf70001152ee6,FullPilot13,random,absolute-var,370.5981051027775,229.55756102278104,$\beta_P$,beta_ff
5a4245ef7aebf70001152ee6,FullPilot13,random,absolute-var,5.21540641784668e-06,229.55756102278104,$\beta_V$,beta_ss
6646731363eb9f583aa62e05,FullPilot12,value,absolute-var,0.02513865955484107,176.64290055166992,$\beta_P$,beta_ff
6646731363eb9f583aa62e05,FullPilot12,value,absolute-var,11.854577690450014,176.64290055166992,$\beta_V$,beta_ss
660ea6b5ee7b4979153dc5b8,FullPilot13,perceptual,absolute-var,999.9989498392679,155.76815826786017,$\beta_P$,beta_ff
660ea6b5ee7b4979153dc5b8,FullPilot13,perceptual,absolute-var,1.0337680578231812e-07,155.76815826786017,$\beta_V$,beta_ss
664a7e1665f30b00d2685ba3,FullPilot12,perceptual,absolute-var,999.9999998966232,182.70045040760235,$\beta_P$,beta_ff
664a7e1665f30b00d2685ba3,FullPilot12,perceptual,absolute-var,1.0337680578231812e-07,182.70045040760235,$\beta_V$,beta_ss
66e7d7caa4a0195186f6692f,FullPilot13,random,absolute-var,693.9669060339197,198.0530560186831,$\beta_P$,beta_ff
66e7d7caa4a0195186f6692f,FullPilot13,random,absolute-var,954.283285568278,198.0530560186831,$\beta_V$,beta_ss
66463a2c0a36377060b1910c,FullPilot12,perceptual,absolute-var,925.8494194751613,139.8602066272049,$\beta_P$,beta_ff
66463a2c0a36377060b1910c,FullPilot12,perceptual,absolute-var,8.559053748058432e-05,139.8602066272049,$\beta_V$,beta_ss
6087ee3e8df094dc6dd69e8e,FullPilot12,perceptual,absolute-var,263.6676959991455,188.70121194798776,$\beta_P$,beta_ff
6087ee3e8df094dc6dd69e8e,FullPilot12,perceptual,absolute-var,2.008676528930664e-05,188.70121194798776,$\beta_V$,beta_ss
5a580fb6eedc320001426cd7,FullPilot12,perceptual,absolute-var,837.4648903464649,141.28618111869574,$\beta_P$,beta_ff
5a580fb6eedc320001426cd7,FullPilot12,perceptual,absolute-var,1.394452374370303e-05,141.28618111869574,$\beta_V$,beta_ss
66fd855cf4cfd7ee139e35fd,FullPilot13,value,absolute-var,0.0054035186767578125,125.74080814554637,$\beta_P$,beta_ff
66fd855cf4cfd7ee139e35fd,FullPilot13,value,absolute-var,966.3639106750488,125.74080814554637,$\beta_V$,beta_ss
650dcec4d9e0685d5035c13e,FullPilot13,perceptual,absolute-var,999.9994174737949,170.48270516469628,$\beta_P$,beta_ff
650dcec4d9e0685d5035c13e,FullPilot13,perceptual,absolute-var,1.0337680578231812e-07,170.48270516469628,$\beta_V$,beta_ss
59daff10e776fd00015ec7ec,FullPilot13,perceptual,absolute-var,888.0573897422778,159.9061038059887,$\beta_P$,beta_ff
59daff10e776fd00015ec7ec,FullPilot13,perceptual,absolute-var,250.1520164134466,159.9061038059887,$\beta_V$,beta_ss
66f09b3690fe3df51613a689,FullPilot12,combined,absolute-var,663.2470703125,134.57107944119505,$\beta_P$,beta_ff
66f09b3690fe3df51613a689,FullPilot12,combined,absolute-var,49.2431640625,134.57107944119505,$\beta_V$,beta_ss
5d012b5ffade220017b10010,FullPilot12,combined,absolute-var,999.9999799132347,139.61934444500366,$\beta_P$,beta_ff
5d012b5ffade220017b10010,FullPilot12,combined,absolute-var,181.40808308124542,139.61934444500366,$\beta_V$,beta_ss
664218e510e790cd8414d32c,FullPilot13,perceptual,absolute-var,997.6503944396973,153.62025150282665,$\beta_P$,beta_ff
664218e510e790cd8414d32c,FullPilot13,perceptual,absolute-var,0.000644683837890625,153.62025150282665,$\beta_V$,beta_ss
57bb618b8e26d6000196c3bb,FullPilot13,perceptual,absolute-var,558.9946806430817,127.12407579017349,$\beta_P$,beta_ff
57bb618b8e26d6000196c3bb,FullPilot13,perceptual,absolute-var,2.008676528930664e-05,127.12407579017349,$\beta_V$,beta_ss
65fb2b6d968812efd360f8f7,FullPilot13,combined,absolute-var,0.02018422023832045,140.44922778883944,$\beta_P$,beta_ff
65fb2b6d968812efd360f8f7,FullPilot13,combined,absolute-var,998.1520677051751,140.44922778883944,$\beta_V$,beta_ss
66feef40402fdd04d44aa7e0,FullPilot13,combined,absolute-var,124.56560733634979,174.04074681931007,$\beta_P$,beta_ff
66feef40402fdd04d44aa7e0,FullPilot13,combined,absolute-var,181.5226445943117,174.04074681931007,$\beta_V$,beta_ss
5aef9ea244c9bc0001f4cf78,FullPilot13,combined,absolute-var,155.07198359906846,143.9147027364083,$\beta_P$,beta_ff
5aef9ea244c9bc0001f4cf78,FullPilot13,combined,absolute-var,587.1395339978014,143.9147027364083,$\beta_V$,beta_ss
61363ce02e6022a741d63a6e,FullPilot12,value,absolute-var,922.98046875,171.91936540797337,$\beta_P$,beta_ff
61363ce02e6022a741d63a6e,FullPilot12,value,absolute-var,299.23046875,171.91936540797337,$\beta_V$,beta_ss
632fc453431e3369da22be81,FullPilot12,perceptual,absolute-var,999.999943177918,175.90610466159404,$\beta_P$,beta_ff
632fc453431e3369da22be81,FullPilot12,perceptual,absolute-var,108.03719295313533,175.90610466159404,$\beta_V$,beta_ss
5d773df22fa4bf001a045aa9,FullPilot12,combined,absolute-var,931.555918921059,188.00597928689365,$\beta_P$,beta_ff
5d773df22fa4bf001a045aa9,FullPilot12,combined,absolute-var,371.6179824371675,188.00597928689365,$\beta_V$,beta_ss
5a9416ba6475f900019fa690,FullPilot12,perceptual,absolute-var,999.999831199646,128.67664656991798,$\beta_P$,beta_ff
5a9416ba6475f900019fa690,FullPilot12,perceptual,absolute-var,0.00016880035400390625,128.67664656991798,$\beta_V$,beta_ss
5fd7782dee03dc08d3f3f491,FullPilot13,combined,absolute-var,149.93354340275982,115.80194715482523,$\beta_P$,beta_ff
5fd7782dee03dc08d3f3f491,FullPilot13,combined,absolute-var,559.0591318634688,115.80194715482523,$\beta_V$,beta_ss
5484a2b2fdf99b07b28f2335,FullPilot13,perceptual,absolute-var,999.999950170517,146.23018616182404,$\beta_P$,beta_ff
5484a2b2fdf99b07b28f2335,FullPilot13,perceptual,absolute-var,4.982948303222656e-05,146.23018616182404,$\beta_V$,beta_ss
58e558cc728bea0001bbda24,FullPilot13,perceptual,absolute-var,598.9109368156642,130.63271521779927,$\beta_P$,beta_ff
58e558cc728bea0001bbda24,FullPilot13,perceptual,absolute-var,1.0337680578231812e-07,130.63271521779927,$\beta_V$,beta_ss
66f3ce30fcb5b781b42e3ec4,FullPilot13,random,absolute-var,347.839111328125,201.56586260164906,$\beta_P$,beta_ff
66f3ce30fcb5b781b42e3ec4,FullPilot13,random,absolute-var,64.10595703125,201.56586260164906,$\beta_V$,beta_ss
66f636a15a0ec8d9ef572bae,FullPilot13,perceptual,absolute-var,795.0152809619904,192.91018829330568,$\beta_P$,beta_ff
66f636a15a0ec8d9ef572bae,FullPilot13,perceptual,absolute-var,4.982948303222656e-05,192.91018829330568,$\beta_V$,beta_ss
5de7ccc24b7cf973d7b05bfb,FullPilot13,value,absolute-var,232.4697265625,155.02000556027352,$\beta_P$,beta_ff
5de7ccc24b7cf973d7b05bfb,FullPilot13,value,absolute-var,648.6279296875,155.02000556027352,$\beta_V$,beta_ss
58c1ce3c3783090001b49355,FullPilot13,combined,absolute-var,589.3247343394905,178.99678618930562,$\beta_P$,beta_ff
58c1ce3c3783090001b49355,FullPilot13,combined,absolute-var,619.5299694677815,178.99678618930562,$\beta_V$,beta_ss
6699628702676370f9e96d92,FullPilot13,combined,absolute-var,852.136646270752,144.0165201874884,$\beta_P$,beta_ff
6699628702676370f9e96d92,FullPilot13,combined,absolute-var,489.31356048583984,144.0165201874884,$\beta_V$,beta_ss
66d9e6817a3bfbc48269c66d,FullPilot13,value,absolute-var,882.6401704196525,189.75915034697897,$\beta_P$,beta_ff
66d9e6817a3bfbc48269c66d,FullPilot13,value,absolute-var,171.50345044247877,189.75915034697897,$\beta_V$,beta_ss
5ecc6fb87c7c7646490f3cf8,FullPilot13,combined,absolute-var,553.5418589711189,119.44209683408766,$\beta_P$,beta_ff
5ecc6fb87c7c7646490f3cf8,FullPilot13,combined,absolute-var,868.9185286164284,119.44209683408766,$\beta_V$,beta_ss
66ff98ad62f57f7204a560f7,FullPilot13,value,absolute-var,248.84736168943346,119.40610522548059,$\beta_P$,beta_ff
66ff98ad62f57f7204a560f7,FullPilot13,value,absolute-var,527.925562701188,119.40610522548059,$\beta_V$,beta_ss
66c7abc47de7196e9cac1014,FullPilot13,value,absolute-var,0.000644683837890625,129.7132670267602,$\beta_P$,beta_ff
66c7abc47de7196e9cac1014,FullPilot13,value,absolute-var,999.4416198730469,129.7132670267602,$\beta_V$,beta_ss
66e58e209ba96e130b779a3a,FullPilot13,perceptual,absolute-var,360.22753318524065,208.50780331558772,$\beta_P$,beta_ff
66e58e209ba96e130b779a3a,FullPilot13,perceptual,absolute-var,3.5561242839321494e-10,208.50780331558772,$\beta_V$,beta_ss
66ff23b19b9e211878a17f7c,FullPilot13,random,absolute-var,919.2892009935422,210.3193777252489,$\beta_P$,beta_ff
66ff23b19b9e211878a17f7c,FullPilot13,random,absolute-var,291.16515544203503,210.3193777252489,$\beta_V$,beta_ss
65c140b80efce0ed096216e3,FullPilot13,random,absolute-var,36.24449035152793,229.1966252190633,$\beta_P$,beta_ff
65c140b80efce0ed096216e3,FullPilot13,random,absolute-var,192.7389227412641,229.1966252190633,$\beta_V$,beta_ss
669628f0762cf2bfc381c161,FullPilot12,perceptual,absolute-var,999.9999999982829,165.01936545841662,$\beta_P$,beta_ff
669628f0762cf2bfc381c161,FullPilot12,perceptual,absolute-var,42.538880384890945,165.01936545841662,$\beta_V$,beta_ss
66d9b86591a5610c3492d5d9,FullPilot12,combined,absolute-var,663.8288899841198,163.92000252042794,$\beta_P$,beta_ff
66d9b86591a5610c3492d5d9,FullPilot12,combined,absolute-var,50.36812564211584,163.92000252042794,$\beta_V$,beta_ss
5484d361fdf99b0379939d5b,FullPilot12,combined,absolute-var,54.154952639080875,135.12395272829767,$\beta_P$,beta_ff
5484d361fdf99b0379939d5b,FullPilot12,combined,absolute-var,347.2651138979636,135.12395272829767,$\beta_V$,beta_ss
66fc60b6f59bcb7d6dba7d4f,FullPilot12,perceptual,absolute-var,834.0069020316005,181.81299114508562,$\beta_P$,beta_ff
66fc60b6f59bcb7d6dba7d4f,FullPilot12,perceptual,absolute-var,1.4975666999816895e-06,181.81299114508562,$\beta_V$,beta_ss
5eea537ffd89d01283ffac22,FullPilot13,combined,absolute-var,0.025390625,135.89805933068638,$\beta_P$,beta_ff
5eea537ffd89d01283ffac22,FullPilot13,combined,absolute-var,368.88458251953125,135.89805933068638,$\beta_V$,beta_ss
5d9cb58ee8783f0019c8bd06,FullPilot12,perceptual,absolute-var,577.5495960305211,150.34216678850004,$\beta_P$,beta_ff
5d9cb58ee8783f0019c8bd06,FullPilot12,perceptual,absolute-var,2.546672942571604e-05,150.34216678850004,$\beta_V$,beta_ss
66ff78d78ef858fc026f7718,FullPilot13,combined,absolute-var,698.2478246688843,128.77475700240225,$\beta_P$,beta_ff
66ff78d78ef858fc026f7718,FullPilot13,combined,absolute-var,880.4661090373993,128.77475700240225,$\beta_V$,beta_ss
6150fb8383f88eae3e5c795a,FullPilot12,perceptual,absolute-var,645.6581161222202,181.03717520385786,$\beta_P$,beta_ff
6150fb8383f88eae3e5c795a,FullPilot12,perceptual,absolute-var,0.04058567918400513,181.03717520385786,$\beta_V$,beta_ss
66e45c30d5be0907ea25a45b,FullPilot13,random,absolute-var,922.98046875,218.40613174320976,$\beta_P$,beta_ff
66e45c30d5be0907ea25a45b,FullPilot13,random,absolute-var,798.23046875,218.40613174320976,$\beta_V$,beta_ss
62865e3456c142785cfad2a7,FullPilot12,combined,absolute-var,0.0034502295893616974,179.39076987433057,$\beta_P$,beta_ff
62865e3456c142785cfad2a7,FullPilot12,combined,absolute-var,997.8982816352509,179.39076987433057,$\beta_V$,beta_ss
65e20689e9a511366b03cc13,FullPilot13,perceptual,absolute-var,998.9842958450317,285.51996780745617,$\beta_P$,beta_ff
65e20689e9a511366b03cc13,FullPilot13,perceptual,absolute-var,4.982948303222656e-05,285.51996780745617,$\beta_V$,beta_ss
63197f9b80d9c0d22597a837,FullPilot13,perceptual,absolute-var,538.454472468653,178.51622858960988,$\beta_P$,beta_ff
63197f9b80d9c0d22597a837,FullPilot13,perceptual,absolute-var,50.603927069922975,178.51622858960988,$\beta_V$,beta_ss
66eefcfef4a122e447c654d1,FullPilot12,combined,absolute-var,428.6231880187988,155.54459850507047,$\beta_P$,beta_ff
66eefcfef4a122e447c654d1,FullPilot12,combined,absolute-var,4.982948303222656e-05,155.54459850507047,$\beta_V$,beta_ss
66cbc2627559d53c0e3e4ac4,FullPilot12,combined,absolute-var,31.456721425056458,144.70829353384545,$\beta_P$,beta_ff
66cbc2627559d53c0e3e4ac4,FullPilot12,combined,absolute-var,823.2617318034172,144.70829353384545,$\beta_V$,beta_ss
668180f26a3b162091510589,FullPilot12,combined,absolute-var,632.8964021755992,135.3915689035865,$\beta_P$,beta_ff
668180f26a3b162091510589,FullPilot12,combined,absolute-var,999.9947561782419,135.3915689035865,$\beta_V$,beta_ss
661571d6cc16ee34676734df,FullPilot13,perceptual,absolute-var,993.134754654757,132.46194060508984,$\beta_P$,beta_ff
661571d6cc16ee34676734df,FullPilot13,perceptual,absolute-var,0.0001883953583501352,132.46194060508984,$\beta_V$,beta_ss
5ee738a018d5a84caa7e0f2a,FullPilot12,combined,absolute-var,589.0185641972348,131.94646693389475,$\beta_P$,beta_ff
5ee738a018d5a84caa7e0f2a,FullPilot12,combined,absolute-var,13.59155899216421,131.94646693389475,$\beta_V$,beta_ss
66ffb576e0cde42ca9ea7fa7,FullPilot12,perceptual,absolute-var,715.1790900467895,149.84240086049206,$\beta_P$,beta_ff
66ffb576e0cde42ca9ea7fa7,FullPilot12,perceptual,absolute-var,0.0002004600828513503,149.84240086049206,$\beta_V$,beta_ss
663784abc88d62265def75ea,FullPilot12,perceptual,absolute-var,149.5548559480169,152.40143168259743,$\beta_P$,beta_ff
663784abc88d62265def75ea,FullPilot12,perceptual,absolute-var,1.6036665329011157e-09,152.40143168259743,$\beta_V$,beta_ss
5da4152a3ab39a0011295a3e,FullPilot12,value,absolute-var,684.3515510559082,173.7193653968983,$\beta_P$,beta_ff
5da4152a3ab39a0011295a3e,FullPilot12,value,absolute-var,213.40583419799805,173.7193653968983,$\beta_V$,beta_ss
66182d2b06cbee83d298b517,FullPilot12,perceptual,absolute-var,999.908180873841,139.93116020693105,$\beta_P$,beta_ff
66182d2b06cbee83d298b517,FullPilot12,perceptual,absolute-var,1.0337680578231812e-07,139.93116020693105,$\beta_V$,beta_ss
66c7f746e43985cfcb2c99e6,FullPilot12,combined,absolute-var,894.999441921711,128.96631896275144,$\beta_P$,beta_ff
66c7f746e43985cfcb2c99e6,FullPilot12,combined,absolute-var,57.17813450098038,128.96631896275144,$\beta_V$,beta_ss
66ee262c64a810b7ec1371e9,FullPilot12,perceptual,absolute-var,999.999950170517,144.16236619578507,$\beta_P$,beta_ff
66ee262c64a810b7ec1371e9,FullPilot12,perceptual,absolute-var,4.982948303222656e-05,144.16236619578507,$\beta_V$,beta_ss
628de7e8ff1744a9717d7883,FullPilot12,random,absolute-var,42.63417007640237,213.38522260974838,$\beta_P$,beta_ff
628de7e8ff1744a9717d7883,FullPilot12,random,absolute-var,779.7446866940008,213.38522260974838,$\beta_V$,beta_ss
66e74251d30f3f96be79e2f0,FullPilot12,value,absolute-var,3.049375436603441e-07,119.3188865317474,$\beta_P$,beta_ff
66e74251d30f3f96be79e2f0,FullPilot12,value,absolute-var,429.1429899906974,119.3188865317474,$\beta_V$,beta_ss
628d78a2ccf4a41f24c2d2d8,FullPilot14,combined,absolute-var,625.6739593275124,140.619365636253,$\beta_P$,beta_ff
628d78a2ccf4a41f24c2d2d8,FullPilot14,combined,absolute-var,97.51292035117513,140.619365636253,$\beta_V$,beta_ss
63ae2788c3e5ec6d1cfcad16,FullPilot14,random,absolute-var,162.0685352087021,189.65305682921445,$\beta_P$,beta_ff
63ae2788c3e5ec6d1cfcad16,FullPilot14,random,absolute-var,93.08446538448334,189.65305682921445,$\beta_V$,beta_ss
67579b182f3a6e41fb761791,FullPilot14,combined,absolute-var,900.3265666024163,138.11444366190855,$\beta_P$,beta_ff
67579b182f3a6e41fb761791,FullPilot14,combined,absolute-var,0.0002901112129620742,138.11444366190855,$\beta_V$,beta_ss
67594446e891cd9a76235f36,FullPilot14,perceptual,absolute-var,940.152647412242,136.58401059021458,$\beta_P$,beta_ff
67594446e891cd9a76235f36,FullPilot14,perceptual,absolute-var,3.5561242839321494e-10,136.58401059021458,$\beta_V$,beta_ss
66978d2616be96682f9f87ed,FullPilot14,combined,absolute-var,134.04322147369385,143.09131350048605,$\beta_P$,beta_ff
66978d2616be96682f9f87ed,FullPilot14,combined,absolute-var,0.00016880035400390625,143.09131350048605,$\beta_V$,beta_ss
6759a46833a61fefe76b05ba,FullPilot14,random,absolute-var,733.5375791212887,190.10978627538628,$\beta_P$,beta_ff
6759a46833a61fefe76b05ba,FullPilot14,random,absolute-var,5.309948960530164e-07,190.10978627538628,$\beta_V$,beta_ss
66b0c677fd6d5746c4c5fd36,FullPilot14,perceptual,absolute-var,998.9646915773267,154.73241239852874,$\beta_P$,beta_ff
66b0c677fd6d5746c4c5fd36,FullPilot14,perceptual,absolute-var,0.005285294333589263,154.73241239852874,$\beta_V$,beta_ss
57d810f1813eb30001825b65,FullPilot14,combined,absolute-var,572.7318706829101,137.69494420072755,$\beta_P$,beta_ff
57d810f1813eb30001825b65,FullPilot14,combined,absolute-var,1.995795019902289,137.69494420072755,$\beta_V$,beta_ss
6746499fde684b081912c056,FullPilot14,perceptual,absolute-var,995.1773522193055,182.18037669203176,$\beta_P$,beta_ff
6746499fde684b081912c056,FullPilot14,perceptual,absolute-var,1.0231815394945443e-12,182.18037669203176,$\beta_V$,beta_ss
651b075a8bfaebfd2f74e195,FullPilot14,perceptual,absolute-var,188.88490976614412,137.23867809316056,$\beta_P$,beta_ff
651b075a8bfaebfd2f74e195,FullPilot14,perceptual,absolute-var,1.6239937394857407e-08,137.23867809316056,$\beta_V$,beta_ss
5f3227893ca51916b4ff6d9d,FullPilot14,combined,absolute-var,630.1264888457954,139.5193656448361,$\beta_P$,beta_ff
5f3227893ca51916b4ff6d9d,FullPilot14,combined,absolute-var,754.5434168800712,139.5193656448361,$\beta_V$,beta_ss
66569098a6bf70f056e8f1d0,FullPilot14,combined,absolute-var,366.85628950130194,143.54181393775474,$\beta_P$,beta_ff
66569098a6bf70f056e8f1d0,FullPilot14,combined,absolute-var,780.9333021845669,143.54181393775474,$\beta_V$,beta_ss
6759bab1432aedd5f3c18487,FullPilot14,combined,absolute-var,656.5409202575684,159.10610379574587,$\beta_P$,beta_ff
6759bab1432aedd5f3c18487,FullPilot14,combined,absolute-var,290.5275115966797,159.10610379574587,$\beta_V$,beta_ss
5f173b90cea174080152310b,FullPilot14,perceptual,absolute-var,749.6905720562645,143.4594380006685,$\beta_P$,beta_ff
5f173b90cea174080152310b,FullPilot14,perceptual,absolute-var,1.7171259969472885e-09,143.4594380006685,$\beta_V$,beta_ss
6751826af853585828786233,FullPilot14,combined,absolute-var,916.9196166992188,153.70609727782787,$\beta_P$,beta_ff
6751826af853585828786233,FullPilot14,combined,absolute-var,527.3499755859375,153.70609727782787,$\beta_V$,beta_ss
645d518949b0639658176654,FullPilot14,combined,absolute-var,844.2039876314811,172.25548843702992,$\beta_P$,beta_ff
645d518949b0639658176654,FullPilot14,combined,absolute-var,0.023881182074546814,172.25548843702992,$\beta_V$,beta_ss
662942b6455e11154cbb3ce0,FullPilot14,perceptual,absolute-var,863.1132701894094,116.97604133642173,$\beta_P$,beta_ff
662942b6455e11154cbb3ce0,FullPilot14,perceptual,absolute-var,7.114488562365295e-05,116.97604133642173,$\beta_V$,beta_ss
65c69497ab503bf918ddd5b7,FullPilot14,combined,absolute-var,827.8831864232197,137.74791258029137,$\beta_P$,beta_ff
65c69497ab503bf918ddd5b7,FullPilot14,combined,absolute-var,1.0337680578231812e-07,137.74791258029137,$\beta_V$,beta_ss
5de7d12c26dd95000b6824c5,FullPilot14,combined,absolute-var,732.9962418079376,115.51955917099652,$\beta_P$,beta_ff
5de7d12c26dd95000b6824c5,FullPilot14,combined,absolute-var,56.258400440216064,115.51955917099652,$\beta_V$,beta_ss
671f8f783bd4d777e17c36e6,FullPilot14,perceptual,absolute-var,335.1361149700824,152.46734234767288,$\beta_P$,beta_ff
671f8f783bd4d777e17c36e6,FullPilot14,perceptual,absolute-var,1.0337680578231812e-07,152.46734234767288,$\beta_V$,beta_ss
66a557d079b15419fd0f9255,FullPilot14,combined,absolute-var,642.4014701843262,131.7528904683599,$\beta_P$,beta_ff
66a557d079b15419fd0f9255,FullPilot14,combined,absolute-var,0.000644683837890625,131.7528904683599,$\beta_V$,beta_ss
671432260f5b80d8188b2fe1,FullPilot14,perceptual,absolute-var,999.9999947845936,136.77410286618147,$\beta_P$,beta_ff
671432260f5b80d8188b2fe1,FullPilot14,perceptual,absolute-var,5.21540641784668e-06,136.77410286618147,$\beta_V$,beta_ss
664446cda39cd17787c271da,FullPilot14,perceptual,absolute-var,531.144259926572,153.32521163677617,$\beta_P$,beta_ff
664446cda39cd17787c271da,FullPilot14,perceptual,absolute-var,1.6239937394857407e-08,153.32521163677617,$\beta_V$,beta_ss
6728e9f22f76d709508acf02,FullPilot14,perceptual,absolute-var,977.6468248250894,128.3920641121762,$\beta_P$,beta_ff
6728e9f22f76d709508acf02,FullPilot14,perceptual,absolute-var,1.0337680578231812e-07,128.3920641121762,$\beta_V$,beta_ss
675edf24452fd3015aaee4dc,FullPilot14,combined,absolute-var,580.0192724466324,162.0510915998389,$\beta_P$,beta_ff
675edf24452fd3015aaee4dc,FullPilot14,combined,absolute-var,2.008676528930664e-05,162.0510915998389,$\beta_V$,beta_ss
66885d217777eda6f3a9b8dd,FullPilot14,combined,absolute-var,999.9999999982829,130.11806074583052,$\beta_P$,beta_ff
66885d217777eda6f3a9b8dd,FullPilot14,combined,absolute-var,196.1030243657733,130.11806074583052,$\beta_V$,beta_ss
675bead4e4f525677a43a27a,FullPilot14,combined,absolute-var,999.999831199646,146.6784650905216,$\beta_P$,beta_ff
675bead4e4f525677a43a27a,FullPilot14,combined,absolute-var,0.00016880035400390625,146.6784650905216,$\beta_V$,beta_ss
5ddb5ed4a64380abb2907440,FullPilot14,combined,absolute-var,740.3559903840721,143.5300494287735,$\beta_P$,beta_ff
5ddb5ed4a64380abb2907440,FullPilot14,combined,absolute-var,10.535288591182962,143.5300494287735,$\beta_V$,beta_ss
67603ec6f369599a362eecb9,FullPilot14,combined,absolute-var,999.0253891274333,139.1330438063945,$\beta_P$,beta_ff
67603ec6f369599a362eecb9,FullPilot14,combined,absolute-var,120.43952511623502,139.1330438063945,$\beta_V$,beta_ss
62b9e995fd8c321a2f65a6cd,FullPilot14,combined,absolute-var,999.9988024363629,155.29197487212338,$\beta_P$,beta_ff
62b9e995fd8c321a2f65a6cd,FullPilot14,combined,absolute-var,3.381808346603066e-05,155.29197487212338,$\beta_V$,beta_ss
65cbb41e2614de61e770c67c,FullPilot14,perceptual,absolute-var,988.3046674132347,128.83079804944083,$\beta_P$,beta_ff
65cbb41e2614de61e770c67c,FullPilot14,perceptual,absolute-var,2.008676528930664e-05,128.83079804944083,$\beta_V$,beta_ss
60165591d472ae0b5c202703,FullPilot14,perceptual,absolute-var,998.4403610229492,162.02703143012474,$\beta_P$,beta_ff
60165591d472ae0b5c202703,FullPilot14,perceptual,absolute-var,0.000644683837890625,162.02703143012474,$\beta_V$,beta_ss
5d23ac815173fe001528bcd6,FullPilot14,random,absolute-var,359.740464099757,185.5383357833528,$\beta_P$,beta_ff
5d23ac815173fe001528bcd6,FullPilot14,random,absolute-var,0.0006757219578048534,185.5383357833528,$\beta_V$,beta_ss
675967674f07f1afe5626a04,FullPilot14,perceptual,absolute-var,638.9103889465332,173.96654142521587,$\beta_P$,beta_ff
675967674f07f1afe5626a04,FullPilot14,perceptual,absolute-var,0.000644683837890625,173.96654142521587,$\beta_V$,beta_ss
673efaa7caf0942718ac1631,FullPilot14,random,absolute-var,999.9999799132347,188.16739614223562,$\beta_P$,beta_ff
673efaa7caf0942718ac1631,FullPilot14,random,absolute-var,253.41900980472565,188.16739614223562,$\beta_V$,beta_ss
6165af4b36cb3bae91f2e355,FullPilot14,combined,absolute-var,93.29152969604547,124.73261440848464,$\beta_P$,beta_ff
6165af4b36cb3bae91f2e355,FullPilot14,combined,absolute-var,811.7936656482925,124.73261440848464,$\beta_V$,beta_ss
675efe6044b2f5bde425ceac,FullPilot14,perceptual,absolute-var,341.1411451336359,138.97102913373138,$\beta_P$,beta_ff
675efe6044b2f5bde425ceac,FullPilot14,perceptual,absolute-var,9.500708443965777e-05,138.97102913373138,$\beta_V$,beta_ss
5fe17e28d8918b3fae67ec4d,FullPilot14,perceptual,absolute-var,692.8239853002597,147.8690274910027,$\beta_P$,beta_ff
5fe17e28d8918b3fae67ec4d,FullPilot14,perceptual,absolute-var,1.0337680578231812e-07,147.8690274910027,$\beta_V$,beta_ss
673487045133bc17c8100d16,FullPilot14,combined,absolute-var,999.9974517822266,150.01875214281554,$\beta_P$,beta_ff
673487045133bc17c8100d16,FullPilot14,combined,absolute-var,0.0025482177734375,150.01875214281554,$\beta_V$,beta_ss
675da16368f40dd379799754,FullPilot14,random,absolute-var,837.4327918794006,212.219365113357,$\beta_P$,beta_ff
675da16368f40dd379799754,FullPilot14,random,absolute-var,113.26347962301224,212.219365113357,$\beta_V$,beta_ss
675b1e5ccc5e27bebe6ea4cb,FullPilot14,value,absolute-var,193.04325580596924,125.90823357792401,$\beta_P$,beta_ff
675b1e5ccc5e27bebe6ea4cb,FullPilot14,value,absolute-var,626.0163259506226,125.90823357792401,$\beta_V$,beta_ss
6752385b8b997da454e1b2b4,FullPilot14,perceptual,absolute-var,539.7904807254672,126.82717079593628,$\beta_P$,beta_ff
6752385b8b997da454e1b2b4,FullPilot14,perceptual,absolute-var,1.0337680578231812e-07,126.82717079593628,$\beta_V$,beta_ss
6648c0d4fa3b00043396163e,FullPilot14,perceptual,absolute-var,999.9999999999848,153.77931237554975,$\beta_P$,beta_ff
6648c0d4fa3b00043396163e,FullPilot14,perceptual,absolute-var,1.5234036254696548e-11,153.77931237554975,$\beta_V$,beta_ss
671813a64cc728d09ef7499d,FullPilot14,random,absolute-var,999.980360982773,192.19797974882016,$\beta_P$,beta_ff
671813a64cc728d09ef7499d,FullPilot14,random,absolute-var,0.0022729678420319033,192.19797974882016,$\beta_V$,beta_ss
675d2f5d0cc936cb053e09eb,FullPilot14,random,absolute-var,416.9906921386719,199.65806356457563,$\beta_P$,beta_ff
675d2f5d0cc936cb053e09eb,FullPilot14,random,absolute-var,95.28584289550781,199.65806356457563,$\beta_V$,beta_ss
6707ab0e3c5ee9540950263a,FullPilot14,value,absolute-var,389.8818792627262,160.47958042217985,$\beta_P$,beta_ff
6707ab0e3c5ee9540950263a,FullPilot14,value,absolute-var,707.340116176335,160.47958042217985,$\beta_V$,beta_ss
675708ab3fe4f014cb8f3100,FullPilot14,combined,absolute-var,678.6961517333984,126.17958067293243,$\beta_P$,beta_ff
675708ab3fe4f014cb8f3100,FullPilot14,combined,absolute-var,999.9993553161621,126.17958067293243,$\beta_V$,beta_ss
6669b17afde17ee81cebd908,FullPilot14,combined,absolute-var,932.7572504784912,142.10350631869997,$\beta_P$,beta_ff
6669b17afde17ee81cebd908,FullPilot14,combined,absolute-var,1.0337680578231812e-07,142.10350631869997,$\beta_V$,beta_ss
63c3164c08ff110d63b44dc6,FullPilot14,value,absolute-var,383.9289909782092,123.83982872954066,$\beta_P$,beta_ff
63c3164c08ff110d63b44dc6,FullPilot14,value,absolute-var,881.8691464897129,123.83982872954066,$\beta_V$,beta_ss
673cc81c2536e8c40857dc33,FullPilot14,perceptual,absolute-var,724.7764648636803,150.47137799774174,$\beta_P$,beta_ff
673cc81c2536e8c40857dc33,FullPilot14,perceptual,absolute-var,1.0337680578231812e-07,150.47137799774174,$\beta_V$,beta_ss
675dd4aed41b2116f978a0a1,FullPilot14,perceptual,absolute-var,789.1785700321198,122.59854555471414,$\beta_P$,beta_ff
675dd4aed41b2116f978a0a1,FullPilot14,perceptual,absolute-var,4.982948303222656e-05,122.59854555471414,$\beta_V$,beta_ss
675eedc3e29d31f79d612346,FullPilot14,random,absolute-var,228.2639034157312,205.49291651166232,$\beta_P$,beta_ff
675eedc3e29d31f79d612346,FullPilot14,random,absolute-var,895.5991011728872,205.49291651166232,$\beta_V$,beta_ss
6718b9bc107831749fa97950,FullPilot14,perceptual,absolute-var,999.999999999999,140.90863639515214,$\beta_P$,beta_ff
6718b9bc107831749fa97950,FullPilot14,perceptual,absolute-var,1.0231815394945443e-12,140.90863639515214,$\beta_V$,beta_ss
675d7c82a4e3245aa7687d52,FullPilot14,random,absolute-var,999.9999998966232,111.576458490341,$\beta_P$,beta_ff
675d7c82a4e3245aa7687d52,FullPilot14,random,absolute-var,1.0337680578231812e-07,111.576458490341,$\beta_V$,beta_ss
63e40d7b1a88578e3c993478,FullPilot14,combined,absolute-var,992.6429999410175,141.99172573094654,$\beta_P$,beta_ff
63e40d7b1a88578e3c993478,FullPilot14,combined,absolute-var,20.258710535010323,141.99172573094654,$\beta_V$,beta_ss
677a58735c4ac72aaffc95a7,FullPilot14,random,absolute-var,74.589550397126,181.9834777949148,$\beta_P$,beta_ff
677a58735c4ac72aaffc95a7,FullPilot14,random,absolute-var,255.94075867626816,181.9834777949148,$\beta_V$,beta_ss
5c989ea4c7f75b0001677fa8,FullPilot14,combined,absolute-var,999.974609375,145.2113758050993,$\beta_P$,beta_ff
5c989ea4c7f75b0001677fa8,FullPilot14,combined,absolute-var,0.025390625,145.2113758050993,$\beta_V$,beta_ss
67143d69d010fd19ac3a1e06,FullPilot14,perceptual,absolute-var,979.0146782398224,135.74865794380935,$\beta_P$,beta_ff
67143d69d010fd19ac3a1e06,FullPilot14,perceptual,absolute-var,2.008676528930664e-05,135.74865794380935,$\beta_V$,beta_ss
677b177da6c75e1c1a0d8c5f,FullPilot14,random,absolute-var,481.9697265625,193.27515427654126,$\beta_P$,beta_ff
677b177da6c75e1c1a0d8c5f,FullPilot14,random,absolute-var,648.6279296875,193.27515427654126,$\beta_V$,beta_ss
66c6952ac1f2b09e6c930cf8,FullPilot14,perceptual,absolute-var,999.9999999837601,139.6472089477279,$\beta_P$,beta_ff
66c6952ac1f2b09e6c930cf8,FullPilot14,perceptual,absolute-var,1.6239937394857407e-08,139.6472089477279,$\beta_V$,beta_ss
6743a27eda56d91031757fdc,FullPilot14,combined,absolute-var,999.999831199646,148.8587459299851,$\beta_P$,beta_ff
6743a27eda56d91031757fdc,FullPilot14,combined,absolute-var,2.1088085174560547,148.8587459299851,$\beta_V$,beta_ss
6751e21bab5bb259997e4c67,FullPilot14,perceptual,absolute-var,999.9341472672193,121.09210572164807,$\beta_P$,beta_ff
6751e21bab5bb259997e4c67,FullPilot14,perceptual,absolute-var,1.0231815394945443e-12,121.09210572164807,$\beta_V$,beta_ss
67628f7b4f57e91918c49e72,FullPilot14,perceptual,absolute-var,903.4712578428444,149.77951183633198,$\beta_P$,beta_ff
67628f7b4f57e91918c49e72,FullPilot14,perceptual,absolute-var,1.0337680578231812e-07,149.77951183633198,$\beta_V$,beta_ss
67055efcc9d6595c24d60bb5,FullPilot14,combined,absolute-var,844.7738364934921,154.6928454771666,$\beta_P$,beta_ff
67055efcc9d6595c24d60bb5,FullPilot14,combined,absolute-var,300.9236919283867,154.6928454771666,$\beta_V$,beta_ss
6745171138a79bddfee4e965,FullPilot14,combined,absolute-var,952.6077684469094,128.58663315366925,$\beta_P$,beta_ff
6745171138a79bddfee4e965,FullPilot14,combined,absolute-var,0.00017588678036872807,128.58663315366925,$\beta_V$,beta_ss
