agent,expName,group,model,value,param,param2
610a1655e385fd7341e12778,FullPilot12,perceptual,log-ratio,99.99999999982829,$\beta_P$,beta_ff
610a1655e385fd7341e12778,FullPilot12,perceptual,log-ratio,0.9616784890065873,$\beta_V$,beta_ss
610a1655e385fd7341e12778,FullPilot12,perceptual,log-ratio,0.2574192643101269,$\lambda$,leak
66f6c4195f17d26ce8c8018d,FullPilot12,perceptual,log-ratio,99.99999998966233,$\beta_P$,beta_ff
66f6c4195f17d26ce8c8018d,FullPilot12,perceptual,log-ratio,3.8611563613638253,$\beta_V$,beta_ss
66f6c4195f17d26ce8c8018d,FullPilot12,perceptual,log-ratio,0.16006088549550623,$\lambda$,leak
636590165e6fcc3e84ee2b6d,FullPilot12,random,log-ratio,99.99402639716864,$\beta_P$,beta_ff
636590165e6fcc3e84ee2b6d,FullPilot12,random,log-ratio,5.215406346792406e-07,$\beta_V$,beta_ss
636590165e6fcc3e84ee2b6d,FullPilot12,random,log-ratio,0.9999999947845936,$\lambda$,leak
660d619f39d061875f78ac8c,FullPilot12,random,log-ratio,99.99966060463049,$\beta_P$,beta_ff
660d619f39d061875f78ac8c,FullPilot12,random,log-ratio,99.99450427899137,$\beta_V$,beta_ss
660d619f39d061875f78ac8c,FullPilot12,random,log-ratio,0.9999999999982829,$\lambda$,leak
667ad18688c9319e6559bdc4,FullPilot12,combined,log-ratio,99.99036135077478,$\beta_P$,beta_ff
667ad18688c9319e6559bdc4,FullPilot12,combined,log-ratio,2.971070864051576,$\beta_V$,beta_ss
667ad18688c9319e6559bdc4,FullPilot12,combined,log-ratio,1.4975666817740318e-09,$\lambda$,leak
669ede47eb98d478aff45414,FullPilot12,combined,log-ratio,1.4975666573491253e-07,$\beta_P$,beta_ff
669ede47eb98d478aff45414,FullPilot12,combined,log-ratio,99.99999985024334,$\beta_V$,beta_ss
669ede47eb98d478aff45414,FullPilot12,combined,log-ratio,0.8826062723174691,$\lambda$,leak
60d7922fc3809c404939251c,FullPilot12,perceptual,log-ratio,36.659934983076525,$\beta_P$,beta_ff
60d7922fc3809c404939251c,FullPilot12,perceptual,log-ratio,5.186782564199525,$\beta_V$,beta_ss
60d7922fc3809c404939251c,FullPilot12,perceptual,log-ratio,0.0094801613094751,$\lambda$,leak
5a9353586219a30001d2f2af,FullPilot12,random,log-ratio,1.0420288887758034e-05,$\beta_P$,beta_ff
5a9353586219a30001d2f2af,FullPilot12,random,log-ratio,2.5354582822299534,$\beta_V$,beta_ss
5a9353586219a30001d2f2af,FullPilot12,random,log-ratio,4.504013404948992e-05,$\lambda$,leak
5d5b67ab9ad5a300181398dc,FullPilot12,perceptual,log-ratio,99.99999947845936,$\beta_P$,beta_ff
5d5b67ab9ad5a300181398dc,FullPilot12,perceptual,log-ratio,5.797082254290572,$\beta_V$,beta_ss
5d5b67ab9ad5a300181398dc,FullPilot12,perceptual,log-ratio,0.04512030288577079,$\lambda$,leak
6165e6f471254e3af05c5057,FullPilot12,random,log-ratio,0.7359690961660732,$\beta_P$,beta_ff
6165e6f471254e3af05c5057,FullPilot12,random,log-ratio,0.20090337824075988,$\beta_V$,beta_ss
6165e6f471254e3af05c5057,FullPilot12,random,log-ratio,0.07275626225466841,$\lambda$,leak
66f7102d3196ce5e60b2c1bd,FullPilot12,perceptual,log-ratio,99.99999999996444,$\beta_P$,beta_ff
66f7102d3196ce5e60b2c1bd,FullPilot12,perceptual,log-ratio,1.004755892923363,$\beta_V$,beta_ss
66f7102d3196ce5e60b2c1bd,FullPilot12,perceptual,log-ratio,0.36056359414569306,$\lambda$,leak
66eeda2bc7d6e9b92b4a81c0,FullPilot12,perceptual,log-ratio,99.9580878530629,$\beta_P$,beta_ff
66eeda2bc7d6e9b92b4a81c0,FullPilot12,perceptual,log-ratio,1.6925965933129135,$\beta_V$,beta_ss
66eeda2bc7d6e9b92b4a81c0,FullPilot12,perceptual,log-ratio,0.0762843586532399,$\lambda$,leak
63626fe174f7db263a4aa8f2,FullPilot12,random,log-ratio,99.9937014579773,$\beta_P$,beta_ff
63626fe174f7db263a4aa8f2,FullPilot12,random,log-ratio,1.688003539612737e-05,$\beta_V$,beta_ss
63626fe174f7db263a4aa8f2,FullPilot12,random,log-ratio,0.999999831199646,$\lambda$,leak
6167175ed1680ecefc063aed,FullPilot12,perceptual,log-ratio,99.29787821247592,$\beta_P$,beta_ff
6167175ed1680ecefc063aed,FullPilot12,perceptual,log-ratio,4.979519265069385,$\beta_V$,beta_ss
6167175ed1680ecefc063aed,FullPilot12,perceptual,log-ratio,0.029501970558601875,$\lambda$,leak
66bb5ad727c62d0960db333c,FullPilot12,perceptual,log-ratio,99.99999947845936,$\beta_P$,beta_ff
66bb5ad727c62d0960db333c,FullPilot12,perceptual,log-ratio,4.224242725968352,$\beta_V$,beta_ss
66bb5ad727c62d0960db333c,FullPilot12,perceptual,log-ratio,5.21540644005114e-09,$\lambda$,leak
64db80772c860983ea3a7310,FullPilot12,random,log-ratio,99.99999998966233,$\beta_P$,beta_ff
64db80772c860983ea3a7310,FullPilot12,random,log-ratio,71.8275010233745,$\beta_V$,beta_ss
64db80772c860983ea3a7310,FullPilot12,random,log-ratio,0.9993175509143621,$\lambda$,leak
657b6239aa8091bfa2b24ae0,FullPilot12,perceptual,log-ratio,99.99998311996461,$\beta_P$,beta_ff
657b6239aa8091bfa2b24ae0,FullPilot12,perceptual,log-ratio,9.906340599060051,$\beta_V$,beta_ss
657b6239aa8091bfa2b24ae0,FullPilot12,perceptual,log-ratio,1.6880035402788707e-07,$\lambda$,leak
66b104dedef80475efe58141,FullPilot12,perceptual,log-ratio,3.430013314168896,$\beta_P$,beta_ff
66b104dedef80475efe58141,FullPilot12,perceptual,log-ratio,1.1826629577728411,$\beta_V$,beta_ss
66b104dedef80475efe58141,FullPilot12,perceptual,log-ratio,1.623995382615817e-11,$\lambda$,leak
66ba4608bc582e7db54007e5,FullPilot13,perceptual,log-ratio,99.99999799132348,$\beta_P$,beta_ff
66ba4608bc582e7db54007e5,FullPilot13,perceptual,log-ratio,0.3601863205432849,$\beta_V$,beta_ss
66ba4608bc582e7db54007e5,FullPilot13,perceptual,log-ratio,0.05279673475027086,$\lambda$,leak
615e5b5f1e8fbfe2c701bc8e,FullPilot13,value,log-ratio,0.18632728264783083,$\beta_P$,beta_ff
615e5b5f1e8fbfe2c701bc8e,FullPilot13,value,log-ratio,2.206483863841271,$\beta_V$,beta_ss
615e5b5f1e8fbfe2c701bc8e,FullPilot13,value,log-ratio,0.17048931904527126,$\lambda$,leak
66c34ed9630786ec5aece5bb,FullPilot13,perceptual,log-ratio,34.25234313525725,$\beta_P$,beta_ff
66c34ed9630786ec5aece5bb,FullPilot13,perceptual,log-ratio,1.0337672051718982e-08,$\beta_V$,beta_ss
66c34ed9630786ec5aece5bb,FullPilot13,perceptual,log-ratio,0.9965517455001827,$\lambda$,leak
6609e31201eebc9f6a2de74b,FullPilot13,value,log-ratio,46.96351120933068,$\beta_P$,beta_ff
6609e31201eebc9f6a2de74b,FullPilot13,value,log-ratio,99.99999999982829,$\beta_V$,beta_ss
6609e31201eebc9f6a2de74b,FullPilot13,value,log-ratio,1.7171264410364984e-12,$\lambda$,leak
665ba7a36d036dd09e9081c2,FullPilot13,perceptual,log-ratio,33.50185449114069,$\beta_P$,beta_ff
665ba7a36d036dd09e9081c2,FullPilot13,perceptual,log-ratio,3.810656572692089,$\beta_V$,beta_ss
665ba7a36d036dd09e9081c2,FullPilot13,perceptual,log-ratio,1.0337680711458574e-10,$\lambda$,leak
66f3fed9e931683984276fee,FullPilot13,random,log-ratio,99.99046410256997,$\beta_P$,beta_ff
66f3fed9e931683984276fee,FullPilot13,random,log-ratio,1.0337672051718982e-08,$\beta_V$,beta_ss
66f3fed9e931683984276fee,FullPilot13,random,log-ratio,0.9999999998966231,$\lambda$,leak
65c23e2e1a96e23b93afdea0,FullPilot13,value,log-ratio,5.215406346792406e-07,$\beta_P$,beta_ff
65c23e2e1a96e23b93afdea0,FullPilot13,value,log-ratio,99.99999947845936,$\beta_V$,beta_ss
65c23e2e1a96e23b93afdea0,FullPilot13,value,log-ratio,0.31302339385449884,$\lambda$,leak
66ae3fb9006e6fc44a2b56df,FullPilot13,combined,log-ratio,50.28894203316886,$\beta_P$,beta_ff
66ae3fb9006e6fc44a2b56df,FullPilot13,combined,log-ratio,2.997307682177045,$\beta_V$,beta_ss
66ae3fb9006e6fc44a2b56df,FullPilot13,combined,log-ratio,0.10920442052604629,$\lambda$,leak
5b6c312fa1fda800015fe165,FullPilot13,combined,log-ratio,26.23571333326399,$\beta_P$,beta_ff
5b6c312fa1fda800015fe165,FullPilot13,combined,log-ratio,99.99999985024334,$\beta_V$,beta_ss
5b6c312fa1fda800015fe165,FullPilot13,combined,log-ratio,1.4975666817740318e-09,$\lambda$,leak
6697dfc91b0e8c6d62d7b472,FullPilot13,perceptual,log-ratio,51.44758983021602,$\beta_P$,beta_ff
6697dfc91b0e8c6d62d7b472,FullPilot13,perceptual,log-ratio,99.99434338947759,$\beta_V$,beta_ss
6697dfc91b0e8c6d62d7b472,FullPilot13,perceptual,log-ratio,0.9803132722508162,$\lambda$,leak
66074f7cb655db9adfae591b,FullPilot13,random,log-ratio,10.51108277302555,$\beta_P$,beta_ff
66074f7cb655db9adfae591b,FullPilot13,random,log-ratio,0.011393144987223991,$\beta_V$,beta_ss
66074f7cb655db9adfae591b,FullPilot13,random,log-ratio,0.9961614183743804,$\lambda$,leak
57027c1f68c641000e0c8970,FullPilot13,perceptual,log-ratio,99.99328790639993,$\beta_P$,beta_ff
57027c1f68c641000e0c8970,FullPilot13,perceptual,log-ratio,2.6338764182291854,$\beta_V$,beta_ss
57027c1f68c641000e0c8970,FullPilot13,perceptual,log-ratio,1.0337680711458574e-10,$\lambda$,leak
655f7e55e36be4f00b49aa5e,FullPilot13,value,log-ratio,8.531764284474768,$\beta_P$,beta_ff
655f7e55e36be4f00b49aa5e,FullPilot13,value,log-ratio,68.77415387711953,$\beta_V$,beta_ss
655f7e55e36be4f00b49aa5e,FullPilot13,value,log-ratio,0.5913190988171846,$\lambda$,leak
66b274c9c39e8e5057bcfaf6,FullPilot13,random,log-ratio,1.0337672051718982e-08,$\beta_P$,beta_ff
66b274c9c39e8e5057bcfaf6,FullPilot13,random,log-ratio,0.29505348652600816,$\beta_V$,beta_ss
66b274c9c39e8e5057bcfaf6,FullPilot13,random,log-ratio,0.5001015142193064,$\lambda$,leak
5d09895e65eb3400189cc207,FullPilot13,perceptual,log-ratio,11.617953513935205,$\beta_P$,beta_ff
5d09895e65eb3400189cc207,FullPilot13,perceptual,log-ratio,1.4975666573491253e-07,$\beta_V$,beta_ss
5d09895e65eb3400189cc207,FullPilot13,perceptual,log-ratio,1.4975666817740318e-09,$\lambda$,leak
60c2a30e24e7f2ce0c8b56ca,FullPilot13,perceptual,log-ratio,3.7433692040853117,$\beta_P$,beta_ff
60c2a30e24e7f2ce0c8b56ca,FullPilot13,perceptual,log-ratio,1.0337672051718982e-08,$\beta_V$,beta_ss
60c2a30e24e7f2ce0c8b56ca,FullPilot13,perceptual,log-ratio,0.10533655644860118,$\lambda$,leak
66f73913e3459a85f0574823,FullPilot13,perceptual,log-ratio,99.99999947845936,$\beta_P$,beta_ff
66f73913e3459a85f0574823,FullPilot13,perceptual,log-ratio,5.215406346792406e-07,$\beta_V$,beta_ss
66f73913e3459a85f0574823,FullPilot13,perceptual,log-ratio,0.21517628434300423,$\lambda$,leak
6643670ad062f01ac1c4b788,FullPilot13,random,log-ratio,5.215406346792406e-07,$\beta_P$,beta_ff
6643670ad062f01ac1c4b788,FullPilot13,random,log-ratio,0.21318591237067608,$\beta_V$,beta_ss
6643670ad062f01ac1c4b788,FullPilot13,random,log-ratio,5.21540644005114e-09,$\lambda$,leak
66d5df2e288343b20df362d4,FullPilot13,random,log-ratio,99.95635389909148,$\beta_P$,beta_ff
66d5df2e288343b20df362d4,FullPilot13,random,log-ratio,1.4975666573491253e-07,$\beta_V$,beta_ss
66d5df2e288343b20df362d4,FullPilot13,random,log-ratio,0.9999999985024333,$\lambda$,leak
60da2baf34bde948982f84db,FullPilot12,perceptual,log-ratio,32.41530147343874,$\beta_P$,beta_ff
60da2baf34bde948982f84db,FullPilot12,perceptual,log-ratio,5.215406346792406e-07,$\beta_V$,beta_ss
60da2baf34bde948982f84db,FullPilot12,perceptual,log-ratio,0.9956534534990787,$\lambda$,leak
663a623d4ea504f754d08b02,FullPilot12,perceptual,log-ratio,38.678785397135655,$\beta_P$,beta_ff
663a623d4ea504f754d08b02,FullPilot12,perceptual,log-ratio,4.939640272688116,$\beta_V$,beta_ss
663a623d4ea504f754d08b02,FullPilot12,perceptual,log-ratio,0.08813137586019004,$\lambda$,leak
5ac560359534ba0001c74715,FullPilot12,combined,log-ratio,8.681714636034933,$\beta_P$,beta_ff
5ac560359534ba0001c74715,FullPilot12,combined,log-ratio,8.030525459159342,$\beta_V$,beta_ss
5ac560359534ba0001c74715,FullPilot12,combined,log-ratio,0.0390221675937778,$\lambda$,leak
66abc79f0812c1f89a25adfb,FullPilot13,value,log-ratio,31.408768932146266,$\beta_P$,beta_ff
66abc79f0812c1f89a25adfb,FullPilot13,value,log-ratio,97.70215875143477,$\beta_V$,beta_ss
66abc79f0812c1f89a25adfb,FullPilot13,value,log-ratio,0.007999743847340146,$\lambda$,leak
63254db937c17e8e9200fd54,FullPilot13,combined,log-ratio,33.53301421701908,$\beta_P$,beta_ff
63254db937c17e8e9200fd54,FullPilot13,combined,log-ratio,3.652501994743936,$\beta_V$,beta_ss
63254db937c17e8e9200fd54,FullPilot13,combined,log-ratio,0.05342182443663479,$\lambda$,leak
665c4e3dc160ab38d079635a,FullPilot12,random,log-ratio,58.058071829378605,$\beta_P$,beta_ff
665c4e3dc160ab38d079635a,FullPilot12,random,log-ratio,1.0337672051718982e-08,$\beta_V$,beta_ss
665c4e3dc160ab38d079635a,FullPilot12,random,log-ratio,0.9993589369766414,$\lambda$,leak
663eea8e72f4269ddd149eba,FullPilot12,perceptual,log-ratio,99.99999999837601,$\beta_P$,beta_ff
663eea8e72f4269ddd149eba,FullPilot12,perceptual,log-ratio,49.64044013707316,$\beta_V$,beta_ss
663eea8e72f4269ddd149eba,FullPilot12,perceptual,log-ratio,0.2621857162909582,$\lambda$,leak
5d44afdcad6d110019b0a960,FullPilot12,perceptual,log-ratio,58.43024914860725,$\beta_P$,beta_ff
5d44afdcad6d110019b0a960,FullPilot12,perceptual,log-ratio,4.000486773252483,$\beta_V$,beta_ss
5d44afdcad6d110019b0a960,FullPilot12,perceptual,log-ratio,2.008676530662612e-08,$\lambda$,leak
66acee53fddf185342f15a88,FullPilot12,combined,log-ratio,13.672729831445025,$\beta_P$,beta_ff
66acee53fddf185342f15a88,FullPilot12,combined,log-ratio,2.1540185520658213,$\beta_V$,beta_ss
66acee53fddf185342f15a88,FullPilot12,combined,log-ratio,0.10068602007324806,$\lambda$,leak
660c9c26e4220931438f3d30,FullPilot12,combined,log-ratio,99.99977923131082,$\beta_P$,beta_ff
660c9c26e4220931438f3d30,FullPilot12,combined,log-ratio,39.44529097110499,$\beta_V$,beta_ss
660c9c26e4220931438f3d30,FullPilot12,combined,log-ratio,0.07840658637741582,$\lambda$,leak
559c3a4dfdf99b32b6963e70,FullPilot13,combined,log-ratio,7.392992206691993,$\beta_P$,beta_ff
559c3a4dfdf99b32b6963e70,FullPilot13,combined,log-ratio,26.273931711871406,$\beta_V$,beta_ss
559c3a4dfdf99b32b6963e70,FullPilot13,combined,log-ratio,1.623995382615817e-11,$\lambda$,leak
669f45c902420af78b04a9b1,FullPilot12,value,log-ratio,9.896650696145933,$\beta_P$,beta_ff
669f45c902420af78b04a9b1,FullPilot12,value,log-ratio,99.99990639241206,$\beta_V$,beta_ss
669f45c902420af78b04a9b1,FullPilot12,value,log-ratio,0.345130016967818,$\lambda$,leak
66f2f743ac55ce843124f2bf,FullPilot13,random,log-ratio,3.686078612704293,$\beta_P$,beta_ff
66f2f743ac55ce843124f2bf,FullPilot13,random,log-ratio,17.18378122961876,$\beta_V$,beta_ss
66f2f743ac55ce843124f2bf,FullPilot13,random,log-ratio,0.9926558056478098,$\lambda$,leak
5e8fe87009881f2ee83521fb,FullPilot13,perceptual,log-ratio,80.29320209734142,$\beta_P$,beta_ff
5e8fe87009881f2ee83521fb,FullPilot13,perceptual,log-ratio,7.287581485137338,$\beta_V$,beta_ss
5e8fe87009881f2ee83521fb,FullPilot13,perceptual,log-ratio,0.05248506266996267,$\lambda$,leak
6020606d7b0258677b881f63,FullPilot13,value,log-ratio,28.04007110595703,$\beta_P$,beta_ff
6020606d7b0258677b881f63,FullPilot13,value,log-ratio,99.99974517822267,$\beta_V$,beta_ss
6020606d7b0258677b881f63,FullPilot13,value,log-ratio,2.54821777345704e-06,$\lambda$,leak
6646aa536ff16adfd7903930,FullPilot13,perceptual,log-ratio,99.99974039023328,$\beta_P$,beta_ff
6646aa536ff16adfd7903930,FullPilot13,perceptual,log-ratio,15.662354486112598,$\beta_V$,beta_ss
6646aa536ff16adfd7903930,FullPilot13,perceptual,log-ratio,0.1672387164631,$\lambda$,leak
667ac1826ce22f03fab354c3,FullPilot13,random,log-ratio,0.6640364494873126,$\beta_P$,beta_ff
667ac1826ce22f03fab354c3,FullPilot13,random,log-ratio,0.47750162587034595,$\beta_V$,beta_ss
667ac1826ce22f03fab354c3,FullPilot13,random,log-ratio,0.2070078183503356,$\lambda$,leak
6637f4d0a76556e2a39063f4,FullPilot13,perceptual,log-ratio,99.9999950170517,$\beta_P$,beta_ff
6637f4d0a76556e2a39063f4,FullPilot13,perceptual,log-ratio,11.578214454650876,$\beta_V$,beta_ss
6637f4d0a76556e2a39063f4,FullPilot13,perceptual,log-ratio,4.982948303977608e-08,$\lambda$,leak
63b18d94775ad4aad221103c,FullPilot13,value,log-ratio,15.67091948986053,$\beta_P$,beta_ff
63b18d94775ad4aad221103c,FullPilot13,value,log-ratio,99.9999950170517,$\beta_V$,beta_ss
63b18d94775ad4aad221103c,FullPilot13,value,log-ratio,4.982948303977608e-08,$\lambda$,leak
66ad3db205eb0c54c153a291,FullPilot13,combined,log-ratio,19.492621893435714,$\beta_P$,beta_ff
66ad3db205eb0c54c153a291,FullPilot13,combined,log-ratio,99.99999998966233,$\beta_V$,beta_ss
66ad3db205eb0c54c153a291,FullPilot13,combined,log-ratio,1.0337680711458574e-10,$\lambda$,leak
62b4ef82055cec7135502ada,FullPilot12,random,log-ratio,99.99999998966233,$\beta_P$,beta_ff
62b4ef82055cec7135502ada,FullPilot12,random,log-ratio,46.77464206144214,$\beta_V$,beta_ss
62b4ef82055cec7135502ada,FullPilot12,random,log-ratio,0.9999999998966231,$\lambda$,leak
58c42d725866f200017c5deb,FullPilot12,perceptual,log-ratio,40.936418908979974,$\beta_P$,beta_ff
58c42d725866f200017c5deb,FullPilot12,perceptual,log-ratio,4.903541884711004,$\beta_V$,beta_ss
58c42d725866f200017c5deb,FullPilot12,perceptual,log-ratio,0.0723438634109334,$\lambda$,leak
5e2b3e22a8f85318c2429121,FullPilot12,random,log-ratio,0.6639551101252366,$\beta_P$,beta_ff
5e2b3e22a8f85318c2429121,FullPilot12,random,log-ratio,1.2569868521531973,$\beta_V$,beta_ss
5e2b3e22a8f85318c2429121,FullPilot12,random,log-ratio,0.2270342636584537,$\lambda$,leak
65e0ef2a74037d1530a40cca,FullPilot12,combined,log-ratio,1.536094781011336,$\beta_P$,beta_ff
65e0ef2a74037d1530a40cca,FullPilot12,combined,log-ratio,99.99999998966233,$\beta_V$,beta_ss
65e0ef2a74037d1530a40cca,FullPilot12,combined,log-ratio,0.6259356413930655,$\lambda$,leak
65d54b3b524fcafb543d1b23,FullPilot13,random,log-ratio,99.9999950170517,$\beta_P$,beta_ff
65d54b3b524fcafb543d1b23,FullPilot13,random,log-ratio,13.123991084098812,$\beta_V$,beta_ss
65d54b3b524fcafb543d1b23,FullPilot13,random,log-ratio,0.9998281562328339,$\lambda$,leak
5e65c5b41e30883349a25a61,FullPilot13,value,log-ratio,3.9705358564853626,$\beta_P$,beta_ff
5e65c5b41e30883349a25a61,FullPilot13,value,log-ratio,9.637020289897912,$\beta_V$,beta_ss
5e65c5b41e30883349a25a61,FullPilot13,value,log-ratio,2.008676530662612e-08,$\lambda$,leak
5a4245ef7aebf70001152ee6,FullPilot13,random,log-ratio,0.4731815542094324,$\beta_P$,beta_ff
5a4245ef7aebf70001152ee6,FullPilot13,random,log-ratio,1.100471458118406,$\beta_V$,beta_ss
5a4245ef7aebf70001152ee6,FullPilot13,random,log-ratio,0.18611503360792997,$\lambda$,leak
6646731363eb9f583aa62e05,FullPilot12,value,log-ratio,17.682947601232442,$\beta_P$,beta_ff
6646731363eb9f583aa62e05,FullPilot12,value,log-ratio,61.04129449739703,$\beta_V$,beta_ss
6646731363eb9f583aa62e05,FullPilot12,value,log-ratio,0.04478929725469788,$\lambda$,leak
660ea6b5ee7b4979153dc5b8,FullPilot13,perceptual,log-ratio,24.913559470687776,$\beta_P$,beta_ff
660ea6b5ee7b4979153dc5b8,FullPilot13,perceptual,log-ratio,4.493701593824873,$\beta_V$,beta_ss
660ea6b5ee7b4979153dc5b8,FullPilot13,perceptual,log-ratio,3.5560443478743764e-13,$\lambda$,leak
664a7e1665f30b00d2685ba3,FullPilot12,perceptual,log-ratio,6.3872389200886985,$\beta_P$,beta_ff
664a7e1665f30b00d2685ba3,FullPilot12,perceptual,log-ratio,1.4416462927501215,$\beta_V$,beta_ss
664a7e1665f30b00d2685ba3,FullPilot12,perceptual,log-ratio,0.034368172575037104,$\lambda$,leak
66e7d7caa4a0195186f6692f,FullPilot13,random,log-ratio,0.3742737729102288,$\beta_P$,beta_ff
66e7d7caa4a0195186f6692f,FullPilot13,random,log-ratio,0.3869049474596906,$\beta_V$,beta_ss
66e7d7caa4a0195186f6692f,FullPilot13,random,log-ratio,0.3545789784714579,$\lambda$,leak
66463a2c0a36377060b1910c,FullPilot12,perceptual,log-ratio,52.00426158450209,$\beta_P$,beta_ff
66463a2c0a36377060b1910c,FullPilot12,perceptual,log-ratio,5.095011002509629,$\beta_V$,beta_ss
66463a2c0a36377060b1910c,FullPilot12,perceptual,log-ratio,0.15178561174419153,$\lambda$,leak
6087ee3e8df094dc6dd69e8e,FullPilot12,perceptual,log-ratio,0.6051469720899973,$\beta_P$,beta_ff
6087ee3e8df094dc6dd69e8e,FullPilot12,perceptual,log-ratio,1.4975666573491253e-07,$\beta_V$,beta_ss
6087ee3e8df094dc6dd69e8e,FullPilot12,perceptual,log-ratio,0.18960891252011058,$\lambda$,leak
5a580fb6eedc320001426cd7,FullPilot12,perceptual,log-ratio,99.99999998966233,$\beta_P$,beta_ff
5a580fb6eedc320001426cd7,FullPilot12,perceptual,log-ratio,1.0337672051718982e-08,$\beta_V$,beta_ss
5a580fb6eedc320001426cd7,FullPilot12,perceptual,log-ratio,0.15282694254908713,$\lambda$,leak
66fd855cf4cfd7ee139e35fd,FullPilot13,value,log-ratio,4.363971225544802,$\beta_P$,beta_ff
66fd855cf4cfd7ee139e35fd,FullPilot13,value,log-ratio,99.99999998966233,$\beta_V$,beta_ss
66fd855cf4cfd7ee139e35fd,FullPilot13,value,log-ratio,1.0337680711458574e-10,$\lambda$,leak
650dcec4d9e0685d5035c13e,FullPilot13,perceptual,log-ratio,71.85433207718307,$\beta_P$,beta_ff
650dcec4d9e0685d5035c13e,FullPilot13,perceptual,log-ratio,1.7185660726216128,$\beta_V$,beta_ss
650dcec4d9e0685d5035c13e,FullPilot13,perceptual,log-ratio,0.20348369614814876,$\lambda$,leak
59daff10e776fd00015ec7ec,FullPilot13,perceptual,log-ratio,1.4821941797854308,$\beta_P$,beta_ff
59daff10e776fd00015ec7ec,FullPilot13,perceptual,log-ratio,1.109844283084378,$\beta_V$,beta_ss
59daff10e776fd00015ec7ec,FullPilot13,perceptual,log-ratio,0.05490322683402338,$\lambda$,leak
66f09b3690fe3df51613a689,FullPilot12,combined,log-ratio,97.0699775624175,$\beta_P$,beta_ff
66f09b3690fe3df51613a689,FullPilot12,combined,log-ratio,75.09228319103384,$\beta_V$,beta_ss
66f09b3690fe3df51613a689,FullPilot12,combined,log-ratio,0.02165201035174097,$\lambda$,leak
5d012b5ffade220017b10010,FullPilot12,combined,log-ratio,7.125935762748121,$\beta_P$,beta_ff
5d012b5ffade220017b10010,FullPilot12,combined,log-ratio,2.7083269950933726,$\beta_V$,beta_ss
5d012b5ffade220017b10010,FullPilot12,combined,log-ratio,0.027473648698069175,$\lambda$,leak
664218e510e790cd8414d32c,FullPilot13,perceptual,log-ratio,21.940179786272346,$\beta_P$,beta_ff
664218e510e790cd8414d32c,FullPilot13,perceptual,log-ratio,1.1827673738822284,$\beta_V$,beta_ss
664218e510e790cd8414d32c,FullPilot13,perceptual,log-ratio,0.18933211888838558,$\lambda$,leak
57bb618b8e26d6000196c3bb,FullPilot13,perceptual,log-ratio,99.99998311996461,$\beta_P$,beta_ff
57bb618b8e26d6000196c3bb,FullPilot13,perceptual,log-ratio,4.861547374725333,$\beta_V$,beta_ss
57bb618b8e26d6000196c3bb,FullPilot13,perceptual,log-ratio,1.6880035402788707e-07,$\lambda$,leak
65fb2b6d968812efd360f8f7,FullPilot13,combined,log-ratio,12.69253241464066,$\beta_P$,beta_ff
65fb2b6d968812efd360f8f7,FullPilot13,combined,log-ratio,35.59196723209425,$\beta_V$,beta_ss
65fb2b6d968812efd360f8f7,FullPilot13,combined,log-ratio,1.7171264410364984e-12,$\lambda$,leak
66feef40402fdd04d44aa7e0,FullPilot13,combined,log-ratio,3.3631509294966193,$\beta_P$,beta_ff
66feef40402fdd04d44aa7e0,FullPilot13,combined,log-ratio,2.5107171219773505,$\beta_V$,beta_ss
66feef40402fdd04d44aa7e0,FullPilot13,combined,log-ratio,0.007377981571247805,$\lambda$,leak
5aef9ea244c9bc0001f4cf78,FullPilot13,combined,log-ratio,36.83253788047816,$\beta_P$,beta_ff
5aef9ea244c9bc0001f4cf78,FullPilot13,combined,log-ratio,58.66421766539598,$\beta_V$,beta_ss
5aef9ea244c9bc0001f4cf78,FullPilot13,combined,log-ratio,0.020630949668214382,$\lambda$,leak
61363ce02e6022a741d63a6e,FullPilot12,value,log-ratio,1.0123519182205172,$\beta_P$,beta_ff
61363ce02e6022a741d63a6e,FullPilot12,value,log-ratio,6.0933241844177175,$\beta_V$,beta_ss
61363ce02e6022a741d63a6e,FullPilot12,value,log-ratio,4.982948303977608e-08,$\lambda$,leak
632fc453431e3369da22be81,FullPilot12,perceptual,log-ratio,0.8976523338817017,$\beta_P$,beta_ff
632fc453431e3369da22be81,FullPilot12,perceptual,log-ratio,1.778461681678884,$\beta_V$,beta_ss
632fc453431e3369da22be81,FullPilot12,perceptual,log-ratio,0.2116177693931386,$\lambda$,leak
5d773df22fa4bf001a045aa9,FullPilot12,combined,log-ratio,99.99999998966233,$\beta_P$,beta_ff
5d773df22fa4bf001a045aa9,FullPilot12,combined,log-ratio,1.1747627720236693,$\beta_V$,beta_ss
5d773df22fa4bf001a045aa9,FullPilot12,combined,log-ratio,0.09112671000976114,$\lambda$,leak
5a9416ba6475f900019fa690,FullPilot12,perceptual,log-ratio,99.9999950170517,$\beta_P$,beta_ff
5a9416ba6475f900019fa690,FullPilot12,perceptual,log-ratio,4.991725301742548,$\beta_V$,beta_ss
5a9416ba6475f900019fa690,FullPilot12,perceptual,log-ratio,4.982948303977608e-08,$\lambda$,leak
5fd7782dee03dc08d3f3f491,FullPilot13,combined,log-ratio,43.73050394607708,$\beta_P$,beta_ff
5fd7782dee03dc08d3f3f491,FullPilot13,combined,log-ratio,99.99999998966233,$\beta_V$,beta_ss
5fd7782dee03dc08d3f3f491,FullPilot13,combined,log-ratio,0.01671589358244091,$\lambda$,leak
5484a2b2fdf99b07b28f2335,FullPilot13,perceptual,log-ratio,43.26406187549001,$\beta_P$,beta_ff
5484a2b2fdf99b07b28f2335,FullPilot13,perceptual,log-ratio,6.273500736038834,$\beta_V$,beta_ss
5484a2b2fdf99b07b28f2335,FullPilot13,perceptual,log-ratio,0.027840018101036534,$\lambda$,leak
58e558cc728bea0001bbda24,FullPilot13,perceptual,log-ratio,39.00900811651663,$\beta_P$,beta_ff
58e558cc728bea0001bbda24,FullPilot13,perceptual,log-ratio,4.821727966534667,$\beta_V$,beta_ss
58e558cc728bea0001bbda24,FullPilot13,perceptual,log-ratio,2.2084420779888703e-06,$\lambda$,leak
66f3ce30fcb5b781b42e3ec4,FullPilot13,random,log-ratio,0.00025482177733948674,$\beta_P$,beta_ff
66f3ce30fcb5b781b42e3ec4,FullPilot13,random,log-ratio,0.00025482177733948674,$\beta_V$,beta_ss
66f3ce30fcb5b781b42e3ec4,FullPilot13,random,log-ratio,0.9998680114746094,$\lambda$,leak
66f636a15a0ec8d9ef572bae,FullPilot13,perceptual,log-ratio,53.92267242409289,$\beta_P$,beta_ff
66f636a15a0ec8d9ef572bae,FullPilot13,perceptual,log-ratio,1.4975666573491253e-07,$\beta_V$,beta_ss
66f636a15a0ec8d9ef572bae,FullPilot13,perceptual,log-ratio,0.10879882954061032,$\lambda$,leak
5de7ccc24b7cf973d7b05bfb,FullPilot13,value,log-ratio,0.12135387714951662,$\beta_P$,beta_ff
5de7ccc24b7cf973d7b05bfb,FullPilot13,value,log-ratio,6.454585871048032,$\beta_V$,beta_ss
5de7ccc24b7cf973d7b05bfb,FullPilot13,value,log-ratio,1.623995382615817e-11,$\lambda$,leak
58c1ce3c3783090001b49355,FullPilot13,combined,log-ratio,19.69893525256775,$\beta_P$,beta_ff
58c1ce3c3783090001b49355,FullPilot13,combined,log-ratio,99.99999998966233,$\beta_V$,beta_ss
58c1ce3c3783090001b49355,FullPilot13,combined,log-ratio,0.12687615235592237,$\lambda$,leak
6699628702676370f9e96d92,FullPilot13,combined,log-ratio,41.50288821474969,$\beta_P$,beta_ff
6699628702676370f9e96d92,FullPilot13,combined,log-ratio,99.99999999982829,$\beta_V$,beta_ss
6699628702676370f9e96d92,FullPilot13,combined,log-ratio,0.027733540848901617,$\lambda$,leak
66d9e6817a3bfbc48269c66d,FullPilot13,value,log-ratio,40.684183737635614,$\beta_P$,beta_ff
66d9e6817a3bfbc48269c66d,FullPilot13,value,log-ratio,99.99999985024334,$\beta_V$,beta_ss
66d9e6817a3bfbc48269c66d,FullPilot13,value,log-ratio,0.1977606962174177,$\lambda$,leak
5ecc6fb87c7c7646490f3cf8,FullPilot13,combined,log-ratio,35.608485366497185,$\beta_P$,beta_ff
5ecc6fb87c7c7646490f3cf8,FullPilot13,combined,log-ratio,99.99999998966233,$\beta_V$,beta_ss
5ecc6fb87c7c7646490f3cf8,FullPilot13,combined,log-ratio,1.0337680711458574e-10,$\lambda$,leak
66ff98ad62f57f7204a560f7,FullPilot13,value,log-ratio,19.715936105797297,$\beta_P$,beta_ff
66ff98ad62f57f7204a560f7,FullPilot13,value,log-ratio,99.99999999982829,$\beta_V$,beta_ss
66ff98ad62f57f7204a560f7,FullPilot13,value,log-ratio,0.0624875358367426,$\lambda$,leak
66c7abc47de7196e9cac1014,FullPilot13,value,log-ratio,2.0086765246674076e-06,$\beta_P$,beta_ff
66c7abc47de7196e9cac1014,FullPilot13,value,log-ratio,7.545577812194821,$\beta_V$,beta_ss
66c7abc47de7196e9cac1014,FullPilot13,value,log-ratio,2.008676530662612e-08,$\lambda$,leak
66e58e209ba96e130b779a3a,FullPilot13,perceptual,log-ratio,6.929523951862933,$\beta_P$,beta_ff
66e58e209ba96e130b779a3a,FullPilot13,perceptual,log-ratio,16.68951954108197,$\beta_V$,beta_ss
66e58e209ba96e130b779a3a,FullPilot13,perceptual,log-ratio,0.9922842847567517,$\lambda$,leak
66ff23b19b9e211878a17f7c,FullPilot13,random,log-ratio,99.9811617887579,$\beta_P$,beta_ff
66ff23b19b9e211878a17f7c,FullPilot13,random,log-ratio,34.29959475193172,$\beta_V$,beta_ss
66ff23b19b9e211878a17f7c,FullPilot13,random,log-ratio,0.9999999998966231,$\lambda$,leak
65c140b80efce0ed096216e3,FullPilot13,random,log-ratio,28.096330711338666,$\beta_P$,beta_ff
65c140b80efce0ed096216e3,FullPilot13,random,log-ratio,69.55577585045248,$\beta_V$,beta_ss
65c140b80efce0ed096216e3,FullPilot13,random,log-ratio,0.9999999998966231,$\lambda$,leak
669628f0762cf2bfc381c161,FullPilot12,perceptual,log-ratio,99.99993553161622,$\beta_P$,beta_ff
669628f0762cf2bfc381c161,FullPilot12,perceptual,log-ratio,2.5192012786865163,$\beta_V$,beta_ss
669628f0762cf2bfc381c161,FullPilot12,perceptual,log-ratio,0.1963197135925293,$\lambda$,leak
66d9b86591a5610c3492d5d9,FullPilot12,combined,log-ratio,12.29294630310796,$\beta_P$,beta_ff
66d9b86591a5610c3492d5d9,FullPilot12,combined,log-ratio,3.141356180255748,$\beta_V$,beta_ss
66d9b86591a5610c3492d5d9,FullPilot12,combined,log-ratio,0.13486211790570451,$\lambda$,leak
5484d361fdf99b0379939d5b,FullPilot12,combined,log-ratio,86.4133036866784,$\beta_P$,beta_ff
5484d361fdf99b0379939d5b,FullPilot12,combined,log-ratio,51.77249793112278,$\beta_V$,beta_ss
5484d361fdf99b0379939d5b,FullPilot12,combined,log-ratio,1.4975666817740318e-09,$\lambda$,leak
66fc60b6f59bcb7d6dba7d4f,FullPilot12,perceptual,log-ratio,2.4386585567146497,$\beta_P$,beta_ff
66fc60b6f59bcb7d6dba7d4f,FullPilot12,perceptual,log-ratio,1.0337672051718982e-08,$\beta_V$,beta_ss
66fc60b6f59bcb7d6dba7d4f,FullPilot12,perceptual,log-ratio,0.16573017977923155,$\lambda$,leak
5eea537ffd89d01283ffac22,FullPilot13,combined,log-ratio,12.269028542874729,$\beta_P$,beta_ff
5eea537ffd89d01283ffac22,FullPilot13,combined,log-ratio,63.43917972795316,$\beta_V$,beta_ss
5eea537ffd89d01283ffac22,FullPilot13,combined,log-ratio,0.20327818759820365,$\lambda$,leak
5d9cb58ee8783f0019c8bd06,FullPilot12,perceptual,log-ratio,99.9999950170517,$\beta_P$,beta_ff
5d9cb58ee8783f0019c8bd06,FullPilot12,perceptual,log-ratio,3.134946918487543,$\beta_V$,beta_ss
5d9cb58ee8783f0019c8bd06,FullPilot12,perceptual,log-ratio,4.982948303977608e-08,$\lambda$,leak
66ff78d78ef858fc026f7718,FullPilot13,combined,log-ratio,30.2154296875,$\beta_P$,beta_ff
66ff78d78ef858fc026f7718,FullPilot13,combined,log-ratio,99.99746093750001,$\beta_V$,beta_ss
66ff78d78ef858fc026f7718,FullPilot13,combined,log-ratio,0.07507031250000001,$\lambda$,leak
6150fb8383f88eae3e5c795a,FullPilot12,perceptual,log-ratio,3.8583166753873144,$\beta_P$,beta_ff
6150fb8383f88eae3e5c795a,FullPilot12,perceptual,log-ratio,2.946162639185779,$\beta_V$,beta_ss
6150fb8383f88eae3e5c795a,FullPilot12,perceptual,log-ratio,0.0938419454842806,$\lambda$,leak
66e45c30d5be0907ea25a45b,FullPilot13,random,log-ratio,13.75768738351762,$\beta_P$,beta_ff
66e45c30d5be0907ea25a45b,FullPilot13,random,log-ratio,99.9627995526651,$\beta_V$,beta_ss
66e45c30d5be0907ea25a45b,FullPilot13,random,log-ratio,0.9999999998966231,$\lambda$,leak
62865e3456c142785cfad2a7,FullPilot12,combined,log-ratio,2.0086765246674076e-06,$\beta_P$,beta_ff
62865e3456c142785cfad2a7,FullPilot12,combined,log-ratio,7.203179645538327,$\beta_V$,beta_ss
62865e3456c142785cfad2a7,FullPilot12,combined,log-ratio,2.008676530662612e-08,$\lambda$,leak
65e20689e9a511366b03cc13,FullPilot13,perceptual,log-ratio,3.9449466395657424,$\beta_P$,beta_ff
65e20689e9a511366b03cc13,FullPilot13,perceptual,log-ratio,1.0337672051718982e-08,$\beta_V$,beta_ss
65e20689e9a511366b03cc13,FullPilot13,perceptual,log-ratio,0.008642270378069972,$\lambda$,leak
63197f9b80d9c0d22597a837,FullPilot13,perceptual,log-ratio,4.0043126975418915,$\beta_P$,beta_ff
63197f9b80d9c0d22597a837,FullPilot13,perceptual,log-ratio,0.5318953055888329,$\beta_V$,beta_ss
63197f9b80d9c0d22597a837,FullPilot13,perceptual,log-ratio,0.09472877329424956,$\lambda$,leak
66eefcfef4a122e447c654d1,FullPilot12,combined,log-ratio,83.47903857189813,$\beta_P$,beta_ff
66eefcfef4a122e447c654d1,FullPilot12,combined,log-ratio,6.3287218434968935,$\beta_V$,beta_ss
66eefcfef4a122e447c654d1,FullPilot12,combined,log-ratio,0.01349389352119762,$\lambda$,leak
66cbc2627559d53c0e3e4ac4,FullPilot12,combined,log-ratio,0.621895044168916,$\beta_P$,beta_ff
66cbc2627559d53c0e3e4ac4,FullPilot12,combined,log-ratio,3.4854753093211883,$\beta_V$,beta_ss
66cbc2627559d53c0e3e4ac4,FullPilot12,combined,log-ratio,0.13227124837954762,$\lambda$,leak
668180f26a3b162091510589,FullPilot12,combined,log-ratio,4.726704214567135,$\beta_P$,beta_ff
668180f26a3b162091510589,FullPilot12,combined,log-ratio,7.965836970752569,$\beta_V$,beta_ss
668180f26a3b162091510589,FullPilot12,combined,log-ratio,0.005452248102505108,$\lambda$,leak
661571d6cc16ee34676734df,FullPilot13,perceptual,log-ratio,99.99999998966233,$\beta_P$,beta_ff
661571d6cc16ee34676734df,FullPilot13,perceptual,log-ratio,4.283459268696603,$\beta_V$,beta_ss
661571d6cc16ee34676734df,FullPilot13,perceptual,log-ratio,0.09709405653271824,$\lambda$,leak
5ee738a018d5a84caa7e0f2a,FullPilot12,combined,log-ratio,99.96042233109475,$\beta_P$,beta_ff
5ee738a018d5a84caa7e0f2a,FullPilot12,combined,log-ratio,42.154124616086484,$\beta_V$,beta_ss
5ee738a018d5a84caa7e0f2a,FullPilot12,combined,log-ratio,0.004683643028140061,$\lambda$,leak
66ffb576e0cde42ca9ea7fa7,FullPilot12,perceptual,log-ratio,41.84640465131743,$\beta_P$,beta_ff
66ffb576e0cde42ca9ea7fa7,FullPilot12,perceptual,log-ratio,5.881579738402429,$\beta_V$,beta_ss
66ffb576e0cde42ca9ea7fa7,FullPilot12,perceptual,log-ratio,0.12998092891815394,$\lambda$,leak
663784abc88d62265def75ea,FullPilot12,perceptual,log-ratio,99.99999947845936,$\beta_P$,beta_ff
663784abc88d62265def75ea,FullPilot12,perceptual,log-ratio,5.215406346792406e-07,$\beta_V$,beta_ss
663784abc88d62265def75ea,FullPilot12,perceptual,log-ratio,0.17309485962986948,$\lambda$,leak
5da4152a3ab39a0011295a3e,FullPilot12,value,log-ratio,1.6236255385418161,$\beta_P$,beta_ff
5da4152a3ab39a0011295a3e,FullPilot12,value,log-ratio,3.0593666506101656,$\beta_V$,beta_ss
5da4152a3ab39a0011295a3e,FullPilot12,value,log-ratio,0.12963711282225265,$\lambda$,leak
66182d2b06cbee83d298b517,FullPilot12,perceptual,log-ratio,99.99999998966233,$\beta_P$,beta_ff
66182d2b06cbee83d298b517,FullPilot12,perceptual,log-ratio,4.601403019297862,$\beta_V$,beta_ss
66182d2b06cbee83d298b517,FullPilot12,perceptual,log-ratio,0.13343722289428117,$\lambda$,leak
66c7f746e43985cfcb2c99e6,FullPilot12,combined,log-ratio,26.964155524782832,$\beta_P$,beta_ff
66c7f746e43985cfcb2c99e6,FullPilot12,combined,log-ratio,6.133648245781657,$\beta_V$,beta_ss
66c7f746e43985cfcb2c99e6,FullPilot12,combined,log-ratio,1.0337680711458574e-10,$\lambda$,leak
66ee262c64a810b7ec1371e9,FullPilot12,perceptual,log-ratio,99.99555178033188,$\beta_P$,beta_ff
66ee262c64a810b7ec1371e9,FullPilot12,perceptual,log-ratio,3.4600046159699502,$\beta_V$,beta_ss
66ee262c64a810b7ec1371e9,FullPilot12,perceptual,log-ratio,0.10277599844243379,$\lambda$,leak
628de7e8ff1744a9717d7883,FullPilot12,random,log-ratio,99.99655465343604,$\beta_P$,beta_ff
628de7e8ff1744a9717d7883,FullPilot12,random,log-ratio,99.99886199577632,$\beta_V$,beta_ss
628de7e8ff1744a9717d7883,FullPilot12,random,log-ratio,0.9999999999982829,$\lambda$,leak
66e74251d30f3f96be79e2f0,FullPilot12,value,log-ratio,5.215406346792406e-07,$\beta_P$,beta_ff
66e74251d30f3f96be79e2f0,FullPilot12,value,log-ratio,69.17166882008314,$\beta_V$,beta_ss
66e74251d30f3f96be79e2f0,FullPilot12,value,log-ratio,0.8077751150727273,$\lambda$,leak
628d78a2ccf4a41f24c2d2d8,FullPilot14,combined,log-ratio,17.18010049350559,$\beta_P$,beta_ff
628d78a2ccf4a41f24c2d2d8,FullPilot14,combined,log-ratio,9.525907305534922,$\beta_V$,beta_ss
628d78a2ccf4a41f24c2d2d8,FullPilot14,combined,log-ratio,0.011802108943462397,$\lambda$,leak
63ae2788c3e5ec6d1cfcad16,FullPilot14,random,log-ratio,8.642464751284564,$\beta_P$,beta_ff
63ae2788c3e5ec6d1cfcad16,FullPilot14,random,log-ratio,1.0337672051718982e-08,$\beta_V$,beta_ss
63ae2788c3e5ec6d1cfcad16,FullPilot14,random,log-ratio,0.8172118120603263,$\lambda$,leak
67579b182f3a6e41fb761791,FullPilot14,combined,log-ratio,99.99999999982829,$\beta_P$,beta_ff
67579b182f3a6e41fb761791,FullPilot14,combined,log-ratio,2.959437267226164,$\beta_V$,beta_ss
67579b182f3a6e41fb761791,FullPilot14,combined,log-ratio,0.2963995596853929,$\lambda$,leak
67594446e891cd9a76235f36,FullPilot14,perceptual,log-ratio,99.99094366613427,$\beta_P$,beta_ff
67594446e891cd9a76235f36,FullPilot14,perceptual,log-ratio,1.6239880551438546e-09,$\beta_V$,beta_ss
67594446e891cd9a76235f36,FullPilot14,perceptual,log-ratio,0.24390174002712595,$\lambda$,leak
66978d2616be96682f9f87ed,FullPilot14,combined,log-ratio,99.99999999982829,$\beta_P$,beta_ff
66978d2616be96682f9f87ed,FullPilot14,combined,log-ratio,3.2583536841717375,$\beta_V$,beta_ss
66978d2616be96682f9f87ed,FullPilot14,combined,log-ratio,0.30828342754597543,$\lambda$,leak
6759a46833a61fefe76b05ba,FullPilot14,random,log-ratio,38.26448909907704,$\beta_P$,beta_ff
6759a46833a61fefe76b05ba,FullPilot14,random,log-ratio,1.717097575237858e-10,$\beta_V$,beta_ss
6759a46833a61fefe76b05ba,FullPilot14,random,log-ratio,0.96569182852214,$\lambda$,leak
66b0c677fd6d5746c4c5fd36,FullPilot14,perceptual,log-ratio,10.120633301977065,$\beta_P$,beta_ff
66b0c677fd6d5746c4c5fd36,FullPilot14,perceptual,log-ratio,1.0337672051718982e-08,$\beta_V$,beta_ss
66b0c677fd6d5746c4c5fd36,FullPilot14,perceptual,log-ratio,0.7009753740932793,$\lambda$,leak
57d810f1813eb30001825b65,FullPilot14,combined,log-ratio,18.45765450596809,$\beta_P$,beta_ff
57d810f1813eb30001825b65,FullPilot14,combined,log-ratio,5.055846697464581,$\beta_V$,beta_ss
57d810f1813eb30001825b65,FullPilot14,combined,log-ratio,1.4975666817740318e-09,$\lambda$,leak
6746499fde684b081912c056,FullPilot14,perceptual,log-ratio,99.99999947845936,$\beta_P$,beta_ff
6746499fde684b081912c056,FullPilot14,perceptual,log-ratio,5.215406346792406e-07,$\beta_V$,beta_ss
6746499fde684b081912c056,FullPilot14,perceptual,log-ratio,0.586787212997675,$\lambda$,leak
651b075a8bfaebfd2f74e195,FullPilot14,perceptual,log-ratio,89.7787276741612,$\beta_P$,beta_ff
651b075a8bfaebfd2f74e195,FullPilot14,perceptual,log-ratio,2.534606403158975,$\beta_V$,beta_ss
651b075a8bfaebfd2f74e195,FullPilot14,perceptual,log-ratio,1.7171264410364984e-12,$\lambda$,leak
5f3227893ca51916b4ff6d9d,FullPilot14,combined,log-ratio,99.99999985024334,$\beta_P$,beta_ff
5f3227893ca51916b4ff6d9d,FullPilot14,combined,log-ratio,4.234013952314847,$\beta_V$,beta_ss
5f3227893ca51916b4ff6d9d,FullPilot14,combined,log-ratio,0.5490751552470028,$\lambda$,leak
66569098a6bf70f056e8f1d0,FullPilot14,combined,log-ratio,99.99999947845936,$\beta_P$,beta_ff
66569098a6bf70f056e8f1d0,FullPilot14,combined,log-ratio,1.7266441047191563,$\beta_V$,beta_ss
66569098a6bf70f056e8f1d0,FullPilot14,combined,log-ratio,0.412853331387043,$\lambda$,leak
6759bab1432aedd5f3c18487,FullPilot14,combined,log-ratio,99.99999998966233,$\beta_P$,beta_ff
6759bab1432aedd5f3c18487,FullPilot14,combined,log-ratio,0.4471046148100797,$\beta_V$,beta_ss
6759bab1432aedd5f3c18487,FullPilot14,combined,log-ratio,0.42908543423423545,$\lambda$,leak
5f173b90cea174080152310b,FullPilot14,perceptual,log-ratio,99.99999985024334,$\beta_P$,beta_ff
5f173b90cea174080152310b,FullPilot14,perceptual,log-ratio,1.5144281405955482,$\beta_V$,beta_ss
5f173b90cea174080152310b,FullPilot14,perceptual,log-ratio,0.3316734386086464,$\lambda$,leak
6751826af853585828786233,FullPilot14,combined,log-ratio,99.99999947845936,$\beta_P$,beta_ff
6751826af853585828786233,FullPilot14,combined,log-ratio,78.5492473229766,$\beta_V$,beta_ss
6751826af853585828786233,FullPilot14,combined,log-ratio,5.21540644005114e-09,$\lambda$,leak
645d518949b0639658176654,FullPilot14,combined,log-ratio,6.59133245113771,$\beta_P$,beta_ff
645d518949b0639658176654,FullPilot14,combined,log-ratio,1.6239880551438546e-09,$\beta_V$,beta_ss
645d518949b0639658176654,FullPilot14,combined,log-ratio,0.6656581780458218,$\lambda$,leak
662942b6455e11154cbb3ce0,FullPilot14,perceptual,log-ratio,99.99999985024334,$\beta_P$,beta_ff
662942b6455e11154cbb3ce0,FullPilot14,perceptual,log-ratio,4.512540747970334,$\beta_V$,beta_ss
662942b6455e11154cbb3ce0,FullPilot14,perceptual,log-ratio,0.015350047104060627,$\lambda$,leak
65c69497ab503bf918ddd5b7,FullPilot14,combined,log-ratio,99.99999985024334,$\beta_P$,beta_ff
65c69497ab503bf918ddd5b7,FullPilot14,combined,log-ratio,21.227971170097586,$\beta_V$,beta_ss
65c69497ab503bf918ddd5b7,FullPilot14,combined,log-ratio,7.4910856783239055e-06,$\lambda$,leak
5de7d12c26dd95000b6824c5,FullPilot14,combined,log-ratio,23.71846704445779,$\beta_P$,beta_ff
5de7d12c26dd95000b6824c5,FullPilot14,combined,log-ratio,99.99999985024334,$\beta_V$,beta_ss
5de7d12c26dd95000b6824c5,FullPilot14,combined,log-ratio,1.4975666817740318e-09,$\lambda$,leak
671f8f783bd4d777e17c36e6,FullPilot14,perceptual,log-ratio,50.5162066332181,$\beta_P$,beta_ff
671f8f783bd4d777e17c36e6,FullPilot14,perceptual,log-ratio,1.6239880551438546e-09,$\beta_V$,beta_ss
671f8f783bd4d777e17c36e6,FullPilot14,perceptual,log-ratio,0.21361229097860635,$\lambda$,leak
66a557d079b15419fd0f9255,FullPilot14,combined,log-ratio,99.99999947845936,$\beta_P$,beta_ff
66a557d079b15419fd0f9255,FullPilot14,combined,log-ratio,63.018415068089965,$\beta_V$,beta_ss
66a557d079b15419fd0f9255,FullPilot14,combined,log-ratio,5.21540644005114e-09,$\lambda$,leak
671432260f5b80d8188b2fe1,FullPilot14,perceptual,log-ratio,99.99999998966233,$\beta_P$,beta_ff
671432260f5b80d8188b2fe1,FullPilot14,perceptual,log-ratio,5.8826811918057444,$\beta_V$,beta_ss
671432260f5b80d8188b2fe1,FullPilot14,perceptual,log-ratio,0.010676285267807561,$\lambda$,leak
664446cda39cd17787c271da,FullPilot14,perceptual,log-ratio,99.99999998966233,$\beta_P$,beta_ff
664446cda39cd17787c271da,FullPilot14,perceptual,log-ratio,1.0337672051718982e-08,$\beta_V$,beta_ss
664446cda39cd17787c271da,FullPilot14,perceptual,log-ratio,0.49835370397544465,$\lambda$,leak
6728e9f22f76d709508acf02,FullPilot14,perceptual,log-ratio,99.99999998966233,$\beta_P$,beta_ff
6728e9f22f76d709508acf02,FullPilot14,perceptual,log-ratio,2.8693234781036097,$\beta_V$,beta_ss
6728e9f22f76d709508acf02,FullPilot14,perceptual,log-ratio,1.0337680711458574e-10,$\lambda$,leak
675edf24452fd3015aaee4dc,FullPilot14,combined,log-ratio,99.99998571972938,$\beta_P$,beta_ff
675edf24452fd3015aaee4dc,FullPilot14,combined,log-ratio,5.283406497255051,$\beta_V$,beta_ss
675edf24452fd3015aaee4dc,FullPilot14,combined,log-ratio,0.35794302098449404,$\lambda$,leak
66885d217777eda6f3a9b8dd,FullPilot14,combined,log-ratio,99.99999998966233,$\beta_P$,beta_ff
66885d217777eda6f3a9b8dd,FullPilot14,combined,log-ratio,4.147514739911998,$\beta_V$,beta_ss
66885d217777eda6f3a9b8dd,FullPilot14,combined,log-ratio,0.5929717752356082,$\lambda$,leak
675bead4e4f525677a43a27a,FullPilot14,combined,log-ratio,98.5459255963564,$\beta_P$,beta_ff
675bead4e4f525677a43a27a,FullPilot14,combined,log-ratio,27.625044196844097,$\beta_V$,beta_ss
675bead4e4f525677a43a27a,FullPilot14,combined,log-ratio,5.21540644005114e-09,$\lambda$,leak
5ddb5ed4a64380abb2907440,FullPilot14,combined,log-ratio,99.9999950170517,$\beta_P$,beta_ff
5ddb5ed4a64380abb2907440,FullPilot14,combined,log-ratio,38.29992866516113,$\beta_V$,beta_ss
5ddb5ed4a64380abb2907440,FullPilot14,combined,log-ratio,4.982948303977608e-08,$\lambda$,leak
67603ec6f369599a362eecb9,FullPilot14,combined,log-ratio,47.54338889705094,$\beta_P$,beta_ff
67603ec6f369599a362eecb9,FullPilot14,combined,log-ratio,54.98422524697114,$\beta_V$,beta_ss
67603ec6f369599a362eecb9,FullPilot14,combined,log-ratio,1.0547118733938987e-15,$\lambda$,leak
62b9e995fd8c321a2f65a6cd,FullPilot14,combined,log-ratio,19.434951507300134,$\beta_P$,beta_ff
62b9e995fd8c321a2f65a6cd,FullPilot14,combined,log-ratio,5.182215140014883,$\beta_V$,beta_ss
62b9e995fd8c321a2f65a6cd,FullPilot14,combined,log-ratio,1.4975666817740318e-09,$\lambda$,leak
65cbb41e2614de61e770c67c,FullPilot14,perceptual,log-ratio,99.99999947845936,$\beta_P$,beta_ff
65cbb41e2614de61e770c67c,FullPilot14,perceptual,log-ratio,7.1556136041879626,$\beta_V$,beta_ss
65cbb41e2614de61e770c67c,FullPilot14,perceptual,log-ratio,5.21540644005114e-09,$\lambda$,leak
60165591d472ae0b5c202703,FullPilot14,perceptual,log-ratio,13.420795616321264,$\beta_P$,beta_ff
60165591d472ae0b5c202703,FullPilot14,perceptual,log-ratio,1.0337672051718982e-08,$\beta_V$,beta_ss
60165591d472ae0b5c202703,FullPilot14,perceptual,log-ratio,0.5558983823982999,$\lambda$,leak
5d23ac815173fe001528bcd6,FullPilot14,random,log-ratio,7.239656358561476,$\beta_P$,beta_ff
5d23ac815173fe001528bcd6,FullPilot14,random,log-ratio,1.0337672051718982e-08,$\beta_V$,beta_ss
5d23ac815173fe001528bcd6,FullPilot14,random,log-ratio,0.6680824278197252,$\lambda$,leak
675967674f07f1afe5626a04,FullPilot14,perceptual,log-ratio,49.67722570672631,$\beta_P$,beta_ff
675967674f07f1afe5626a04,FullPilot14,perceptual,log-ratio,1.4975666573491253e-07,$\beta_V$,beta_ss
675967674f07f1afe5626a04,FullPilot14,perceptual,log-ratio,0.8982291962057352,$\lambda$,leak
673efaa7caf0942718ac1631,FullPilot14,random,log-ratio,18.574604983750028,$\beta_P$,beta_ff
673efaa7caf0942718ac1631,FullPilot14,random,log-ratio,1.6239880551438546e-09,$\beta_V$,beta_ss
673efaa7caf0942718ac1631,FullPilot14,random,log-ratio,0.9216630413829117,$\lambda$,leak
6165af4b36cb3bae91f2e355,FullPilot14,combined,log-ratio,99.99999998966233,$\beta_P$,beta_ff
6165af4b36cb3bae91f2e355,FullPilot14,combined,log-ratio,4.460632734559468,$\beta_V$,beta_ss
6165af4b36cb3bae91f2e355,FullPilot14,combined,log-ratio,0.4724225316606462,$\lambda$,leak
675efe6044b2f5bde425ceac,FullPilot14,perceptual,log-ratio,99.99999998966233,$\beta_P$,beta_ff
675efe6044b2f5bde425ceac,FullPilot14,perceptual,log-ratio,0.47961699534207014,$\beta_V$,beta_ss
675efe6044b2f5bde425ceac,FullPilot14,perceptual,log-ratio,0.25063217013143,$\lambda$,leak
5fe17e28d8918b3fae67ec4d,FullPilot14,perceptual,log-ratio,61.245105870756746,$\beta_P$,beta_ff
5fe17e28d8918b3fae67ec4d,FullPilot14,perceptual,log-ratio,0.6650627015947919,$\beta_V$,beta_ss
5fe17e28d8918b3fae67ec4d,FullPilot14,perceptual,log-ratio,0.03992030130191049,$\lambda$,leak
673487045133bc17c8100d16,FullPilot14,combined,log-ratio,99.99978830516339,$\beta_P$,beta_ff
673487045133bc17c8100d16,FullPilot14,combined,log-ratio,31.61180253380007,$\beta_V$,beta_ss
673487045133bc17c8100d16,FullPilot14,combined,log-ratio,0.0020083736262313523,$\lambda$,leak
675da16368f40dd379799754,FullPilot14,random,log-ratio,12.600647944808948,$\beta_P$,beta_ff
675da16368f40dd379799754,FullPilot14,random,log-ratio,7.535425510241112e-07,$\beta_V$,beta_ss
675da16368f40dd379799754,FullPilot14,random,log-ratio,0.9191074639876206,$\lambda$,leak
675b1e5ccc5e27bebe6ea4cb,FullPilot14,value,log-ratio,99.99999998966233,$\beta_P$,beta_ff
675b1e5ccc5e27bebe6ea4cb,FullPilot14,value,log-ratio,4.4894309815950635,$\beta_V$,beta_ss
675b1e5ccc5e27bebe6ea4cb,FullPilot14,value,log-ratio,0.8155776551309972,$\lambda$,leak
6752385b8b997da454e1b2b4,FullPilot14,perceptual,log-ratio,99.99999998966233,$\beta_P$,beta_ff
6752385b8b997da454e1b2b4,FullPilot14,perceptual,log-ratio,5.244339730497444,$\beta_V$,beta_ss
6752385b8b997da454e1b2b4,FullPilot14,perceptual,log-ratio,0.08525597294606269,$\lambda$,leak
6648c0d4fa3b00043396163e,FullPilot14,perceptual,log-ratio,99.99999998966233,$\beta_P$,beta_ff
6648c0d4fa3b00043396163e,FullPilot14,perceptual,log-ratio,1.0337672051718982e-08,$\beta_V$,beta_ss
6648c0d4fa3b00043396163e,FullPilot14,perceptual,log-ratio,0.0709703220790252,$\lambda$,leak
671813a64cc728d09ef7499d,FullPilot14,random,log-ratio,17.815221608523274,$\beta_P$,beta_ff
671813a64cc728d09ef7499d,FullPilot14,random,log-ratio,1.0337672051718982e-08,$\beta_V$,beta_ss
671813a64cc728d09ef7499d,FullPilot14,random,log-ratio,0.93780886798352,$\lambda$,leak
675d2f5d0cc936cb053e09eb,FullPilot14,random,log-ratio,22.4794677734375,$\beta_P$,beta_ff
675d2f5d0cc936cb053e09eb,FullPilot14,random,log-ratio,0.0025390624999914735,$\beta_V$,beta_ss
675d2f5d0cc936cb053e09eb,FullPilot14,random,log-ratio,0.94807666015625,$\lambda$,leak
6707ab0e3c5ee9540950263a,FullPilot14,value,log-ratio,99.99974517822267,$\beta_P$,beta_ff
6707ab0e3c5ee9540950263a,FullPilot14,value,log-ratio,3.6184921264648366,$\beta_V$,beta_ss
6707ab0e3c5ee9540950263a,FullPilot14,value,log-ratio,0.7932888946533203,$\lambda$,leak
675708ab3fe4f014cb8f3100,FullPilot14,combined,log-ratio,99.99999947845936,$\beta_P$,beta_ff
675708ab3fe4f014cb8f3100,FullPilot14,combined,log-ratio,3.4232326716184573,$\beta_V$,beta_ss
675708ab3fe4f014cb8f3100,FullPilot14,combined,log-ratio,0.23985302163660527,$\lambda$,leak
6669b17afde17ee81cebd908,FullPilot14,combined,log-ratio,99.99999799132348,$\beta_P$,beta_ff
6669b17afde17ee81cebd908,FullPilot14,combined,log-ratio,2.872235441207877,$\beta_V$,beta_ss
6669b17afde17ee81cebd908,FullPilot14,combined,log-ratio,0.06904318869113923,$\lambda$,leak
63c3164c08ff110d63b44dc6,FullPilot14,value,log-ratio,99.99999999837601,$\beta_P$,beta_ff
63c3164c08ff110d63b44dc6,FullPilot14,value,log-ratio,12.349623159208562,$\beta_V$,beta_ss
63c3164c08ff110d63b44dc6,FullPilot14,value,log-ratio,0.8399543478299165,$\lambda$,leak
673cc81c2536e8c40857dc33,FullPilot14,perceptual,log-ratio,99.99999799132348,$\beta_P$,beta_ff
673cc81c2536e8c40857dc33,FullPilot14,perceptual,log-ratio,2.0086765246674076e-06,$\beta_V$,beta_ss
673cc81c2536e8c40857dc33,FullPilot14,perceptual,log-ratio,0.21156648504734038,$\lambda$,leak
675dd4aed41b2116f978a0a1,FullPilot14,perceptual,log-ratio,99.99999998966233,$\beta_P$,beta_ff
675dd4aed41b2116f978a0a1,FullPilot14,perceptual,log-ratio,1.4381243832875015,$\beta_V$,beta_ss
675dd4aed41b2116f978a0a1,FullPilot14,perceptual,log-ratio,0.40663515046727844,$\lambda$,leak
675eedc3e29d31f79d612346,FullPilot14,random,log-ratio,10.232222893241484,$\beta_P$,beta_ff
675eedc3e29d31f79d612346,FullPilot14,random,log-ratio,1.717097575237858e-10,$\beta_V$,beta_ss
675eedc3e29d31f79d612346,FullPilot14,random,log-ratio,0.8523003494449148,$\lambda$,leak
6718b9bc107831749fa97950,FullPilot14,perceptual,log-ratio,99.99645786434412,$\beta_P$,beta_ff
6718b9bc107831749fa97950,FullPilot14,perceptual,log-ratio,5.215406346792406e-07,$\beta_V$,beta_ss
6718b9bc107831749fa97950,FullPilot14,perceptual,log-ratio,0.2963568686395883,$\lambda$,leak
675d7c82a4e3245aa7687d52,FullPilot14,random,log-ratio,9.877001917548476,$\beta_P$,beta_ff
675d7c82a4e3245aa7687d52,FullPilot14,random,log-ratio,1.0337672051718982e-08,$\beta_V$,beta_ss
675d7c82a4e3245aa7687d52,FullPilot14,random,log-ratio,0.6383215379733592,$\lambda$,leak
63e40d7b1a88578e3c993478,FullPilot14,combined,log-ratio,62.309254636085825,$\beta_P$,beta_ff
63e40d7b1a88578e3c993478,FullPilot14,combined,log-ratio,59.59578185037244,$\beta_V$,beta_ss
63e40d7b1a88578e3c993478,FullPilot14,combined,log-ratio,1.623995382615817e-11,$\lambda$,leak
677a58735c4ac72aaffc95a7,FullPilot14,random,log-ratio,10.388656131550668,$\beta_P$,beta_ff
677a58735c4ac72aaffc95a7,FullPilot14,random,log-ratio,1.4975666573491253e-07,$\beta_V$,beta_ss
677a58735c4ac72aaffc95a7,FullPilot14,random,log-ratio,0.8740354397520422,$\lambda$,leak
5c989ea4c7f75b0001677fa8,FullPilot14,combined,log-ratio,99.99424277544023,$\beta_P$,beta_ff
5c989ea4c7f75b0001677fa8,FullPilot14,combined,log-ratio,13.70484256744384,$\beta_V$,beta_ss
5c989ea4c7f75b0001677fa8,FullPilot14,combined,log-ratio,2.008676530662612e-08,$\lambda$,leak
67143d69d010fd19ac3a1e06,FullPilot14,perceptual,log-ratio,99.99999999982829,$\beta_P$,beta_ff
67143d69d010fd19ac3a1e06,FullPilot14,perceptual,log-ratio,0.7418921115167834,$\beta_V$,beta_ss
67143d69d010fd19ac3a1e06,FullPilot14,perceptual,log-ratio,0.38122205663376374,$\lambda$,leak
677b177da6c75e1c1a0d8c5f,FullPilot14,random,log-ratio,34.3122845752212,$\beta_P$,beta_ff
677b177da6c75e1c1a0d8c5f,FullPilot14,random,log-ratio,1.717097575237858e-10,$\beta_V$,beta_ss
677b177da6c75e1c1a0d8c5f,FullPilot14,random,log-ratio,0.9587302767987058,$\lambda$,leak
66c6952ac1f2b09e6c930cf8,FullPilot14,perceptual,log-ratio,99.9999950170517,$\beta_P$,beta_ff
66c6952ac1f2b09e6c930cf8,FullPilot14,perceptual,log-ratio,1.1682394504547062,$\beta_V$,beta_ss
66c6952ac1f2b09e6c930cf8,FullPilot14,perceptual,log-ratio,4.982948303977608e-08,$\lambda$,leak
6743a27eda56d91031757fdc,FullPilot14,combined,log-ratio,11.229537565424103,$\beta_P$,beta_ff
6743a27eda56d91031757fdc,FullPilot14,combined,log-ratio,7.94911971027031,$\beta_V$,beta_ss
6743a27eda56d91031757fdc,FullPilot14,combined,log-ratio,1.0337680711458574e-10,$\lambda$,leak
6751e21bab5bb259997e4c67,FullPilot14,perceptual,log-ratio,99.99999998966233,$\beta_P$,beta_ff
6751e21bab5bb259997e4c67,FullPilot14,perceptual,log-ratio,1.0337672051718982e-08,$\beta_V$,beta_ss
6751e21bab5bb259997e4c67,FullPilot14,perceptual,log-ratio,0.24169365983200258,$\lambda$,leak
67628f7b4f57e91918c49e72,FullPilot14,perceptual,log-ratio,46.6837611425668,$\beta_P$,beta_ff
67628f7b4f57e91918c49e72,FullPilot14,perceptual,log-ratio,1.4975666573491253e-07,$\beta_V$,beta_ss
67628f7b4f57e91918c49e72,FullPilot14,perceptual,log-ratio,0.21431887057051063,$\lambda$,leak
67055efcc9d6595c24d60bb5,FullPilot14,combined,log-ratio,99.99999998966233,$\beta_P$,beta_ff
67055efcc9d6595c24d60bb5,FullPilot14,combined,log-ratio,1.4859372659586327,$\beta_V$,beta_ss
67055efcc9d6595c24d60bb5,FullPilot14,combined,log-ratio,0.4920650044661015,$\lambda$,leak
6745171138a79bddfee4e965,FullPilot14,combined,log-ratio,96.75611684583129,$\beta_P$,beta_ff
6745171138a79bddfee4e965,FullPilot14,combined,log-ratio,11.651019236817952,$\beta_V$,beta_ss
6745171138a79bddfee4e965,FullPilot14,combined,log-ratio,1.4975666817740318e-09,$\lambda$,leak
