agent,expName,model,0
5484a2b2fdf99b07b28f2335,FullPilot13,independent,3
5484a2b2fdf99b07b28f2335,FullPilot13,log-ratio,3
5484a2b2fdf99b07b28f2335,FullPilot13,single,3
5484d361fdf99b0379939d5b,FullPilot12,independent,3
5484d361fdf99b0379939d5b,FullPilot12,log-ratio,3
5484d361fdf99b0379939d5b,FullPilot12,single,3
559c3a4dfdf99b32b6963e70,FullPilot13,independent,3
559c3a4dfdf99b32b6963e70,FullPilot13,log-ratio,3
559c3a4dfdf99b32b6963e70,FullPilot13,single,3
57027c1f68c641000e0c8970,FullPilot13,independent,3
57027c1f68c641000e0c8970,FullPilot13,log-ratio,3
57027c1f68c641000e0c8970,FullPilot13,single,3
57bb618b8e26d6000196c3bb,FullPilot13,independent,3
57bb618b8e26d6000196c3bb,FullPilot13,log-ratio,3
57bb618b8e26d6000196c3bb,FullPilot13,single,3
57d810f1813eb30001825b65,FullPilot14,independent,3
57d810f1813eb30001825b65,FullPilot14,log-ratio,3
57d810f1813eb30001825b65,FullPilot14,single,3
58c1ce3c3783090001b49355,FullPilot13,independent,3
58c1ce3c3783090001b49355,FullPilot13,log-ratio,3
58c1ce3c3783090001b49355,FullPilot13,single,3
58c42d725866f200017c5deb,FullPilot12,independent,3
58c42d725866f200017c5deb,FullPilot12,log-ratio,3
58c42d725866f200017c5deb,FullPilot12,single,3
58e558cc728bea0001bbda24,FullPilot13,independent,3
58e558cc728bea0001bbda24,FullPilot13,log-ratio,3
58e558cc728bea0001bbda24,FullPilot13,single,3
59daff10e776fd00015ec7ec,FullPilot13,independent,3
59daff10e776fd00015ec7ec,FullPilot13,log-ratio,3
59daff10e776fd00015ec7ec,FullPilot13,single,3
5a4245ef7aebf70001152ee6,FullPilot13,independent,3
5a4245ef7aebf70001152ee6,FullPilot13,log-ratio,3
5a4245ef7aebf70001152ee6,FullPilot13,single,3
5a580fb6eedc320001426cd7,FullPilot12,independent,3
5a580fb6eedc320001426cd7,FullPilot12,log-ratio,3
5a580fb6eedc320001426cd7,FullPilot12,single,3
5a9353586219a30001d2f2af,FullPilot12,independent,3
5a9353586219a30001d2f2af,FullPilot12,log-ratio,3
5a9353586219a30001d2f2af,FullPilot12,single,3
5a9416ba6475f900019fa690,FullPilot12,independent,3
5a9416ba6475f900019fa690,FullPilot12,log-ratio,3
5a9416ba6475f900019fa690,FullPilot12,single,3
5ac560359534ba0001c74715,FullPilot12,independent,3
5ac560359534ba0001c74715,FullPilot12,log-ratio,3
5ac560359534ba0001c74715,FullPilot12,single,3
5aef9ea244c9bc0001f4cf78,FullPilot13,independent,3
5aef9ea244c9bc0001f4cf78,FullPilot13,log-ratio,3
5aef9ea244c9bc0001f4cf78,FullPilot13,single,3
5b6c312fa1fda800015fe165,FullPilot13,independent,3
5b6c312fa1fda800015fe165,FullPilot13,log-ratio,3
5b6c312fa1fda800015fe165,FullPilot13,single,3
5c989ea4c7f75b0001677fa8,FullPilot14,independent,3
5c989ea4c7f75b0001677fa8,FullPilot14,log-ratio,3
5c989ea4c7f75b0001677fa8,FullPilot14,single,3
5d012b5ffade220017b10010,FullPilot12,independent,3
5d012b5ffade220017b10010,FullPilot12,log-ratio,3
5d012b5ffade220017b10010,FullPilot12,single,3
5d09895e65eb3400189cc207,FullPilot13,independent,3
5d09895e65eb3400189cc207,FullPilot13,log-ratio,3
5d09895e65eb3400189cc207,FullPilot13,single,3
5d23ac815173fe001528bcd6,FullPilot14,independent,3
5d23ac815173fe001528bcd6,FullPilot14,log-ratio,3
5d23ac815173fe001528bcd6,FullPilot14,single,3
5d44afdcad6d110019b0a960,FullPilot12,independent,3
5d44afdcad6d110019b0a960,FullPilot12,log-ratio,3
5d44afdcad6d110019b0a960,FullPilot12,single,3
5d5b67ab9ad5a300181398dc,FullPilot12,independent,3
5d5b67ab9ad5a300181398dc,FullPilot12,log-ratio,3
5d5b67ab9ad5a300181398dc,FullPilot12,single,3
5d773df22fa4bf001a045aa9,FullPilot12,independent,3
5d773df22fa4bf001a045aa9,FullPilot12,log-ratio,3
5d773df22fa4bf001a045aa9,FullPilot12,single,3
5d9cb58ee8783f0019c8bd06,FullPilot12,independent,3
5d9cb58ee8783f0019c8bd06,FullPilot12,log-ratio,3
5d9cb58ee8783f0019c8bd06,FullPilot12,single,3
5da4152a3ab39a0011295a3e,FullPilot12,independent,3
5da4152a3ab39a0011295a3e,FullPilot12,log-ratio,3
5da4152a3ab39a0011295a3e,FullPilot12,single,3
5ddb5ed4a64380abb2907440,FullPilot14,independent,3
5ddb5ed4a64380abb2907440,FullPilot14,log-ratio,3
5ddb5ed4a64380abb2907440,FullPilot14,single,3
5de7ccc24b7cf973d7b05bfb,FullPilot13,independent,3
5de7ccc24b7cf973d7b05bfb,FullPilot13,log-ratio,3
5de7ccc24b7cf973d7b05bfb,FullPilot13,single,3
5de7d12c26dd95000b6824c5,FullPilot14,independent,3
5de7d12c26dd95000b6824c5,FullPilot14,log-ratio,3
5de7d12c26dd95000b6824c5,FullPilot14,single,3
5e2b3e22a8f85318c2429121,FullPilot12,independent,3
5e2b3e22a8f85318c2429121,FullPilot12,log-ratio,3
5e2b3e22a8f85318c2429121,FullPilot12,single,3
5e65c5b41e30883349a25a61,FullPilot13,independent,3
5e65c5b41e30883349a25a61,FullPilot13,log-ratio,3
5e65c5b41e30883349a25a61,FullPilot13,single,3
5e8fe87009881f2ee83521fb,FullPilot13,independent,3
5e8fe87009881f2ee83521fb,FullPilot13,log-ratio,3
5e8fe87009881f2ee83521fb,FullPilot13,single,3
5ecc6fb87c7c7646490f3cf8,FullPilot13,independent,3
5ecc6fb87c7c7646490f3cf8,FullPilot13,log-ratio,3
5ecc6fb87c7c7646490f3cf8,FullPilot13,single,3
5ee738a018d5a84caa7e0f2a,FullPilot12,independent,3
5ee738a018d5a84caa7e0f2a,FullPilot12,log-ratio,3
5ee738a018d5a84caa7e0f2a,FullPilot12,single,3
5eea537ffd89d01283ffac22,FullPilot13,independent,3
5eea537ffd89d01283ffac22,FullPilot13,log-ratio,3
5eea537ffd89d01283ffac22,FullPilot13,single,3
5f173b90cea174080152310b,FullPilot14,independent,3
5f173b90cea174080152310b,FullPilot14,log-ratio,3
5f173b90cea174080152310b,FullPilot14,single,3
5f3227893ca51916b4ff6d9d,FullPilot14,independent,3
5f3227893ca51916b4ff6d9d,FullPilot14,log-ratio,3
5f3227893ca51916b4ff6d9d,FullPilot14,single,3
5fd7782dee03dc08d3f3f491,FullPilot13,independent,3
5fd7782dee03dc08d3f3f491,FullPilot13,log-ratio,3
5fd7782dee03dc08d3f3f491,FullPilot13,single,3
5fe17e28d8918b3fae67ec4d,FullPilot14,independent,3
5fe17e28d8918b3fae67ec4d,FullPilot14,log-ratio,3
5fe17e28d8918b3fae67ec4d,FullPilot14,single,3
60165591d472ae0b5c202703,FullPilot14,independent,3
60165591d472ae0b5c202703,FullPilot14,log-ratio,3
60165591d472ae0b5c202703,FullPilot14,single,3
6020606d7b0258677b881f63,FullPilot13,independent,3
6020606d7b0258677b881f63,FullPilot13,log-ratio,3
6020606d7b0258677b881f63,FullPilot13,single,3
6087ee3e8df094dc6dd69e8e,FullPilot12,independent,3
6087ee3e8df094dc6dd69e8e,FullPilot12,log-ratio,3
6087ee3e8df094dc6dd69e8e,FullPilot12,single,3
60c2a30e24e7f2ce0c8b56ca,FullPilot13,independent,3
60c2a30e24e7f2ce0c8b56ca,FullPilot13,log-ratio,3
60c2a30e24e7f2ce0c8b56ca,FullPilot13,single,3
60d7922fc3809c404939251c,FullPilot12,independent,3
60d7922fc3809c404939251c,FullPilot12,log-ratio,3
60d7922fc3809c404939251c,FullPilot12,single,3
60da2baf34bde948982f84db,FullPilot12,independent,3
60da2baf34bde948982f84db,FullPilot12,log-ratio,3
60da2baf34bde948982f84db,FullPilot12,single,3
610a1655e385fd7341e12778,FullPilot12,independent,3
610a1655e385fd7341e12778,FullPilot12,log-ratio,3
610a1655e385fd7341e12778,FullPilot12,single,3
61363ce02e6022a741d63a6e,FullPilot12,independent,3
61363ce02e6022a741d63a6e,FullPilot12,log-ratio,3
61363ce02e6022a741d63a6e,FullPilot12,single,3
6150fb8383f88eae3e5c795a,FullPilot12,independent,3
6150fb8383f88eae3e5c795a,FullPilot12,log-ratio,3
6150fb8383f88eae3e5c795a,FullPilot12,single,3
615e5b5f1e8fbfe2c701bc8e,FullPilot13,independent,3
615e5b5f1e8fbfe2c701bc8e,FullPilot13,log-ratio,3
615e5b5f1e8fbfe2c701bc8e,FullPilot13,single,3
6165af4b36cb3bae91f2e355,FullPilot14,independent,3
6165af4b36cb3bae91f2e355,FullPilot14,log-ratio,3
6165af4b36cb3bae91f2e355,FullPilot14,single,3
6165e6f471254e3af05c5057,FullPilot12,independent,3
6165e6f471254e3af05c5057,FullPilot12,log-ratio,3
6165e6f471254e3af05c5057,FullPilot12,single,3
6167175ed1680ecefc063aed,FullPilot12,independent,3
6167175ed1680ecefc063aed,FullPilot12,log-ratio,3
6167175ed1680ecefc063aed,FullPilot12,single,3
62865e3456c142785cfad2a7,FullPilot12,independent,3
62865e3456c142785cfad2a7,FullPilot12,log-ratio,3
62865e3456c142785cfad2a7,FullPilot12,single,3
628d78a2ccf4a41f24c2d2d8,FullPilot14,independent,3
628d78a2ccf4a41f24c2d2d8,FullPilot14,log-ratio,3
628d78a2ccf4a41f24c2d2d8,FullPilot14,single,3
628de7e8ff1744a9717d7883,FullPilot12,independent,3
628de7e8ff1744a9717d7883,FullPilot12,log-ratio,3
628de7e8ff1744a9717d7883,FullPilot12,single,3
62b4ef82055cec7135502ada,FullPilot12,independent,3
62b4ef82055cec7135502ada,FullPilot12,log-ratio,3
62b4ef82055cec7135502ada,FullPilot12,single,3
62b9e995fd8c321a2f65a6cd,FullPilot14,independent,3
62b9e995fd8c321a2f65a6cd,FullPilot14,log-ratio,3
62b9e995fd8c321a2f65a6cd,FullPilot14,single,3
63197f9b80d9c0d22597a837,FullPilot13,independent,3
63197f9b80d9c0d22597a837,FullPilot13,log-ratio,3
63197f9b80d9c0d22597a837,FullPilot13,single,3
63254db937c17e8e9200fd54,FullPilot13,independent,3
63254db937c17e8e9200fd54,FullPilot13,log-ratio,3
63254db937c17e8e9200fd54,FullPilot13,single,3
632fc453431e3369da22be81,FullPilot12,independent,3
632fc453431e3369da22be81,FullPilot12,log-ratio,3
632fc453431e3369da22be81,FullPilot12,single,3
63626fe174f7db263a4aa8f2,FullPilot12,independent,3
63626fe174f7db263a4aa8f2,FullPilot12,log-ratio,3
63626fe174f7db263a4aa8f2,FullPilot12,single,3
636590165e6fcc3e84ee2b6d,FullPilot12,independent,3
636590165e6fcc3e84ee2b6d,FullPilot12,log-ratio,3
636590165e6fcc3e84ee2b6d,FullPilot12,single,3
63ae2788c3e5ec6d1cfcad16,FullPilot14,independent,3
63ae2788c3e5ec6d1cfcad16,FullPilot14,log-ratio,3
63ae2788c3e5ec6d1cfcad16,FullPilot14,single,3
63b18d94775ad4aad221103c,FullPilot13,independent,3
63b18d94775ad4aad221103c,FullPilot13,log-ratio,3
63b18d94775ad4aad221103c,FullPilot13,single,3
63c3164c08ff110d63b44dc6,FullPilot14,independent,3
63c3164c08ff110d63b44dc6,FullPilot14,log-ratio,3
63c3164c08ff110d63b44dc6,FullPilot14,single,3
63e40d7b1a88578e3c993478,FullPilot14,independent,3
63e40d7b1a88578e3c993478,FullPilot14,log-ratio,3
63e40d7b1a88578e3c993478,FullPilot14,single,3
645d518949b0639658176654,FullPilot14,independent,3
645d518949b0639658176654,FullPilot14,log-ratio,3
645d518949b0639658176654,FullPilot14,single,3
64db80772c860983ea3a7310,FullPilot12,independent,3
64db80772c860983ea3a7310,FullPilot12,log-ratio,3
64db80772c860983ea3a7310,FullPilot12,single,3
650dcec4d9e0685d5035c13e,FullPilot13,independent,3
650dcec4d9e0685d5035c13e,FullPilot13,log-ratio,3
650dcec4d9e0685d5035c13e,FullPilot13,single,3
651b075a8bfaebfd2f74e195,FullPilot14,independent,3
651b075a8bfaebfd2f74e195,FullPilot14,log-ratio,3
651b075a8bfaebfd2f74e195,FullPilot14,single,3
655f7e55e36be4f00b49aa5e,FullPilot13,independent,3
655f7e55e36be4f00b49aa5e,FullPilot13,log-ratio,3
655f7e55e36be4f00b49aa5e,FullPilot13,single,3
657b6239aa8091bfa2b24ae0,FullPilot12,independent,3
657b6239aa8091bfa2b24ae0,FullPilot12,log-ratio,3
657b6239aa8091bfa2b24ae0,FullPilot12,single,3
65c140b80efce0ed096216e3,FullPilot13,independent,3
65c140b80efce0ed096216e3,FullPilot13,log-ratio,3
65c140b80efce0ed096216e3,FullPilot13,single,3
65c23e2e1a96e23b93afdea0,FullPilot13,independent,3
65c23e2e1a96e23b93afdea0,FullPilot13,log-ratio,3
65c23e2e1a96e23b93afdea0,FullPilot13,single,3
65c69497ab503bf918ddd5b7,FullPilot14,independent,3
65c69497ab503bf918ddd5b7,FullPilot14,log-ratio,3
65c69497ab503bf918ddd5b7,FullPilot14,single,3
65cbb41e2614de61e770c67c,FullPilot14,independent,3
65cbb41e2614de61e770c67c,FullPilot14,log-ratio,3
65cbb41e2614de61e770c67c,FullPilot14,single,3
65d54b3b524fcafb543d1b23,FullPilot13,independent,3
65d54b3b524fcafb543d1b23,FullPilot13,log-ratio,3
65d54b3b524fcafb543d1b23,FullPilot13,single,3
65e0ef2a74037d1530a40cca,FullPilot12,independent,3
65e0ef2a74037d1530a40cca,FullPilot12,log-ratio,3
65e0ef2a74037d1530a40cca,FullPilot12,single,3
65e20689e9a511366b03cc13,FullPilot13,independent,3
65e20689e9a511366b03cc13,FullPilot13,log-ratio,3
65e20689e9a511366b03cc13,FullPilot13,single,3
65fb2b6d968812efd360f8f7,FullPilot13,independent,3
65fb2b6d968812efd360f8f7,FullPilot13,log-ratio,3
65fb2b6d968812efd360f8f7,FullPilot13,single,3
66074f7cb655db9adfae591b,FullPilot13,independent,3
66074f7cb655db9adfae591b,FullPilot13,log-ratio,3
66074f7cb655db9adfae591b,FullPilot13,single,3
6609e31201eebc9f6a2de74b,FullPilot13,independent,3
6609e31201eebc9f6a2de74b,FullPilot13,log-ratio,3
6609e31201eebc9f6a2de74b,FullPilot13,single,3
660c9c26e4220931438f3d30,FullPilot12,independent,3
660c9c26e4220931438f3d30,FullPilot12,log-ratio,3
660c9c26e4220931438f3d30,FullPilot12,single,3
660d619f39d061875f78ac8c,FullPilot12,independent,3
660d619f39d061875f78ac8c,FullPilot12,log-ratio,3
660d619f39d061875f78ac8c,FullPilot12,single,3
660ea6b5ee7b4979153dc5b8,FullPilot13,independent,3
660ea6b5ee7b4979153dc5b8,FullPilot13,log-ratio,3
660ea6b5ee7b4979153dc5b8,FullPilot13,single,3
661571d6cc16ee34676734df,FullPilot13,independent,3
661571d6cc16ee34676734df,FullPilot13,log-ratio,3
661571d6cc16ee34676734df,FullPilot13,single,3
66182d2b06cbee83d298b517,FullPilot12,independent,3
66182d2b06cbee83d298b517,FullPilot12,log-ratio,3
66182d2b06cbee83d298b517,FullPilot12,single,3
662942b6455e11154cbb3ce0,FullPilot14,independent,3
662942b6455e11154cbb3ce0,FullPilot14,log-ratio,3
662942b6455e11154cbb3ce0,FullPilot14,single,3
663784abc88d62265def75ea,FullPilot12,independent,3
663784abc88d62265def75ea,FullPilot12,log-ratio,3
663784abc88d62265def75ea,FullPilot12,single,3
6637f4d0a76556e2a39063f4,FullPilot13,independent,3
6637f4d0a76556e2a39063f4,FullPilot13,log-ratio,3
6637f4d0a76556e2a39063f4,FullPilot13,single,3
663a623d4ea504f754d08b02,FullPilot12,independent,3
663a623d4ea504f754d08b02,FullPilot12,log-ratio,3
663a623d4ea504f754d08b02,FullPilot12,single,3
663eea8e72f4269ddd149eba,FullPilot12,independent,3
663eea8e72f4269ddd149eba,FullPilot12,log-ratio,3
663eea8e72f4269ddd149eba,FullPilot12,single,3
664218e510e790cd8414d32c,FullPilot13,independent,3
664218e510e790cd8414d32c,FullPilot13,log-ratio,3
664218e510e790cd8414d32c,FullPilot13,single,3
6643670ad062f01ac1c4b788,FullPilot13,independent,3
6643670ad062f01ac1c4b788,FullPilot13,log-ratio,3
6643670ad062f01ac1c4b788,FullPilot13,single,3
664446cda39cd17787c271da,FullPilot14,independent,3
664446cda39cd17787c271da,FullPilot14,log-ratio,3
664446cda39cd17787c271da,FullPilot14,single,3
66463a2c0a36377060b1910c,FullPilot12,independent,3
66463a2c0a36377060b1910c,FullPilot12,log-ratio,3
66463a2c0a36377060b1910c,FullPilot12,single,3
6646731363eb9f583aa62e05,FullPilot12,independent,3
6646731363eb9f583aa62e05,FullPilot12,log-ratio,3
6646731363eb9f583aa62e05,FullPilot12,single,3
6646aa536ff16adfd7903930,FullPilot13,independent,3
6646aa536ff16adfd7903930,FullPilot13,log-ratio,3
6646aa536ff16adfd7903930,FullPilot13,single,3
6648c0d4fa3b00043396163e,FullPilot14,independent,3
6648c0d4fa3b00043396163e,FullPilot14,log-ratio,3
6648c0d4fa3b00043396163e,FullPilot14,single,3
664a7e1665f30b00d2685ba3,FullPilot12,independent,3
664a7e1665f30b00d2685ba3,FullPilot12,log-ratio,3
664a7e1665f30b00d2685ba3,FullPilot12,single,3
66569098a6bf70f056e8f1d0,FullPilot14,independent,3
66569098a6bf70f056e8f1d0,FullPilot14,log-ratio,3
66569098a6bf70f056e8f1d0,FullPilot14,single,3
665ba7a36d036dd09e9081c2,FullPilot13,independent,3
665ba7a36d036dd09e9081c2,FullPilot13,log-ratio,3
665ba7a36d036dd09e9081c2,FullPilot13,single,3
665c4e3dc160ab38d079635a,FullPilot12,independent,3
665c4e3dc160ab38d079635a,FullPilot12,log-ratio,3
665c4e3dc160ab38d079635a,FullPilot12,single,3
6669b17afde17ee81cebd908,FullPilot14,independent,3
6669b17afde17ee81cebd908,FullPilot14,log-ratio,3
6669b17afde17ee81cebd908,FullPilot14,single,3
667ac1826ce22f03fab354c3,FullPilot13,independent,3
667ac1826ce22f03fab354c3,FullPilot13,log-ratio,3
667ac1826ce22f03fab354c3,FullPilot13,single,3
667ad18688c9319e6559bdc4,FullPilot12,independent,3
667ad18688c9319e6559bdc4,FullPilot12,log-ratio,3
667ad18688c9319e6559bdc4,FullPilot12,single,3
668180f26a3b162091510589,FullPilot12,independent,3
668180f26a3b162091510589,FullPilot12,log-ratio,3
668180f26a3b162091510589,FullPilot12,single,3
66885d217777eda6f3a9b8dd,FullPilot14,independent,3
66885d217777eda6f3a9b8dd,FullPilot14,log-ratio,3
66885d217777eda6f3a9b8dd,FullPilot14,single,3
669628f0762cf2bfc381c161,FullPilot12,independent,3
669628f0762cf2bfc381c161,FullPilot12,log-ratio,3
669628f0762cf2bfc381c161,FullPilot12,single,3
66978d2616be96682f9f87ed,FullPilot14,independent,3
66978d2616be96682f9f87ed,FullPilot14,log-ratio,3
66978d2616be96682f9f87ed,FullPilot14,single,3
6697dfc91b0e8c6d62d7b472,FullPilot13,independent,3
6697dfc91b0e8c6d62d7b472,FullPilot13,log-ratio,3
6697dfc91b0e8c6d62d7b472,FullPilot13,single,3
6699628702676370f9e96d92,FullPilot13,independent,3
6699628702676370f9e96d92,FullPilot13,log-ratio,3
6699628702676370f9e96d92,FullPilot13,single,3
669ede47eb98d478aff45414,FullPilot12,independent,3
669ede47eb98d478aff45414,FullPilot12,log-ratio,3
669ede47eb98d478aff45414,FullPilot12,single,3
669f45c902420af78b04a9b1,FullPilot12,independent,3
669f45c902420af78b04a9b1,FullPilot12,log-ratio,3
669f45c902420af78b04a9b1,FullPilot12,single,3
66a557d079b15419fd0f9255,FullPilot14,independent,3
66a557d079b15419fd0f9255,FullPilot14,log-ratio,3
66a557d079b15419fd0f9255,FullPilot14,single,3
66abc79f0812c1f89a25adfb,FullPilot13,independent,3
66abc79f0812c1f89a25adfb,FullPilot13,log-ratio,3
66abc79f0812c1f89a25adfb,FullPilot13,single,3
66acee53fddf185342f15a88,FullPilot12,independent,3
66acee53fddf185342f15a88,FullPilot12,log-ratio,3
66acee53fddf185342f15a88,FullPilot12,single,3
66ad3db205eb0c54c153a291,FullPilot13,independent,3
66ad3db205eb0c54c153a291,FullPilot13,log-ratio,3
66ad3db205eb0c54c153a291,FullPilot13,single,3
66ae3fb9006e6fc44a2b56df,FullPilot13,independent,3
66ae3fb9006e6fc44a2b56df,FullPilot13,log-ratio,3
66ae3fb9006e6fc44a2b56df,FullPilot13,single,3
66b0c677fd6d5746c4c5fd36,FullPilot14,independent,3
66b0c677fd6d5746c4c5fd36,FullPilot14,log-ratio,3
66b0c677fd6d5746c4c5fd36,FullPilot14,single,3
66b104dedef80475efe58141,FullPilot12,independent,3
66b104dedef80475efe58141,FullPilot12,log-ratio,3
66b104dedef80475efe58141,FullPilot12,single,3
66b274c9c39e8e5057bcfaf6,FullPilot13,independent,3
66b274c9c39e8e5057bcfaf6,FullPilot13,log-ratio,3
66b274c9c39e8e5057bcfaf6,FullPilot13,single,3
66ba4608bc582e7db54007e5,FullPilot13,independent,3
66ba4608bc582e7db54007e5,FullPilot13,log-ratio,3
66ba4608bc582e7db54007e5,FullPilot13,single,3
66bb5ad727c62d0960db333c,FullPilot12,independent,3
66bb5ad727c62d0960db333c,FullPilot12,log-ratio,3
66bb5ad727c62d0960db333c,FullPilot12,single,3
66c34ed9630786ec5aece5bb,FullPilot13,independent,3
66c34ed9630786ec5aece5bb,FullPilot13,log-ratio,3
66c34ed9630786ec5aece5bb,FullPilot13,single,3
66c6952ac1f2b09e6c930cf8,FullPilot14,independent,3
66c6952ac1f2b09e6c930cf8,FullPilot14,log-ratio,3
66c6952ac1f2b09e6c930cf8,FullPilot14,single,3
66c7abc47de7196e9cac1014,FullPilot13,independent,3
66c7abc47de7196e9cac1014,FullPilot13,log-ratio,3
66c7abc47de7196e9cac1014,FullPilot13,single,3
66c7f746e43985cfcb2c99e6,FullPilot12,independent,3
66c7f746e43985cfcb2c99e6,FullPilot12,log-ratio,3
66c7f746e43985cfcb2c99e6,FullPilot12,single,3
66cbc2627559d53c0e3e4ac4,FullPilot12,independent,3
66cbc2627559d53c0e3e4ac4,FullPilot12,log-ratio,3
66cbc2627559d53c0e3e4ac4,FullPilot12,single,3
66d5df2e288343b20df362d4,FullPilot13,independent,3
66d5df2e288343b20df362d4,FullPilot13,log-ratio,3
66d5df2e288343b20df362d4,FullPilot13,single,3
66d9b86591a5610c3492d5d9,FullPilot12,independent,3
66d9b86591a5610c3492d5d9,FullPilot12,log-ratio,3
66d9b86591a5610c3492d5d9,FullPilot12,single,3
66d9e6817a3bfbc48269c66d,FullPilot13,independent,3
66d9e6817a3bfbc48269c66d,FullPilot13,log-ratio,3
66d9e6817a3bfbc48269c66d,FullPilot13,single,3
66e45c30d5be0907ea25a45b,FullPilot13,independent,3
66e45c30d5be0907ea25a45b,FullPilot13,log-ratio,3
66e45c30d5be0907ea25a45b,FullPilot13,single,3
66e58e209ba96e130b779a3a,FullPilot13,independent,3
66e58e209ba96e130b779a3a,FullPilot13,log-ratio,3
66e58e209ba96e130b779a3a,FullPilot13,single,3
66e74251d30f3f96be79e2f0,FullPilot12,independent,3
66e74251d30f3f96be79e2f0,FullPilot12,log-ratio,3
66e74251d30f3f96be79e2f0,FullPilot12,single,3
66e7d7caa4a0195186f6692f,FullPilot13,independent,3
66e7d7caa4a0195186f6692f,FullPilot13,log-ratio,3
66e7d7caa4a0195186f6692f,FullPilot13,single,3
66ee262c64a810b7ec1371e9,FullPilot12,independent,3
66ee262c64a810b7ec1371e9,FullPilot12,log-ratio,3
66ee262c64a810b7ec1371e9,FullPilot12,single,3
66eeda2bc7d6e9b92b4a81c0,FullPilot12,independent,3
66eeda2bc7d6e9b92b4a81c0,FullPilot12,log-ratio,3
66eeda2bc7d6e9b92b4a81c0,FullPilot12,single,3
66eefcfef4a122e447c654d1,FullPilot12,independent,3
66eefcfef4a122e447c654d1,FullPilot12,log-ratio,3
66eefcfef4a122e447c654d1,FullPilot12,single,3
66f09b3690fe3df51613a689,FullPilot12,independent,3
66f09b3690fe3df51613a689,FullPilot12,log-ratio,3
66f09b3690fe3df51613a689,FullPilot12,single,3
66f2f743ac55ce843124f2bf,FullPilot13,independent,3
66f2f743ac55ce843124f2bf,FullPilot13,log-ratio,3
66f2f743ac55ce843124f2bf,FullPilot13,single,3
66f3ce30fcb5b781b42e3ec4,FullPilot13,independent,3
66f3ce30fcb5b781b42e3ec4,FullPilot13,log-ratio,3
66f3ce30fcb5b781b42e3ec4,FullPilot13,single,3
66f3fed9e931683984276fee,FullPilot13,independent,3
66f3fed9e931683984276fee,FullPilot13,log-ratio,3
66f3fed9e931683984276fee,FullPilot13,single,3
66f636a15a0ec8d9ef572bae,FullPilot13,independent,3
66f636a15a0ec8d9ef572bae,FullPilot13,log-ratio,3
66f636a15a0ec8d9ef572bae,FullPilot13,single,3
66f6c4195f17d26ce8c8018d,FullPilot12,independent,3
66f6c4195f17d26ce8c8018d,FullPilot12,log-ratio,3
66f6c4195f17d26ce8c8018d,FullPilot12,single,3
66f7102d3196ce5e60b2c1bd,FullPilot12,independent,3
66f7102d3196ce5e60b2c1bd,FullPilot12,log-ratio,3
66f7102d3196ce5e60b2c1bd,FullPilot12,single,3
66f73913e3459a85f0574823,FullPilot13,independent,3
66f73913e3459a85f0574823,FullPilot13,log-ratio,3
66f73913e3459a85f0574823,FullPilot13,single,3
66fc60b6f59bcb7d6dba7d4f,FullPilot12,independent,3
66fc60b6f59bcb7d6dba7d4f,FullPilot12,log-ratio,3
66fc60b6f59bcb7d6dba7d4f,FullPilot12,single,3
66fd855cf4cfd7ee139e35fd,FullPilot13,independent,3
66fd855cf4cfd7ee139e35fd,FullPilot13,log-ratio,3
66fd855cf4cfd7ee139e35fd,FullPilot13,single,3
66feef40402fdd04d44aa7e0,FullPilot13,independent,3
66feef40402fdd04d44aa7e0,FullPilot13,log-ratio,3
66feef40402fdd04d44aa7e0,FullPilot13,single,3
66ff23b19b9e211878a17f7c,FullPilot13,independent,3
66ff23b19b9e211878a17f7c,FullPilot13,log-ratio,3
66ff23b19b9e211878a17f7c,FullPilot13,single,3
66ff78d78ef858fc026f7718,FullPilot13,independent,3
66ff78d78ef858fc026f7718,FullPilot13,log-ratio,3
66ff78d78ef858fc026f7718,FullPilot13,single,3
66ff98ad62f57f7204a560f7,FullPilot13,independent,3
66ff98ad62f57f7204a560f7,FullPilot13,log-ratio,3
66ff98ad62f57f7204a560f7,FullPilot13,single,3
66ffb576e0cde42ca9ea7fa7,FullPilot12,independent,3
66ffb576e0cde42ca9ea7fa7,FullPilot12,log-ratio,3
66ffb576e0cde42ca9ea7fa7,FullPilot12,single,3
67055efcc9d6595c24d60bb5,FullPilot14,independent,3
67055efcc9d6595c24d60bb5,FullPilot14,log-ratio,3
67055efcc9d6595c24d60bb5,FullPilot14,single,3
6707ab0e3c5ee9540950263a,FullPilot14,independent,3
6707ab0e3c5ee9540950263a,FullPilot14,log-ratio,3
6707ab0e3c5ee9540950263a,FullPilot14,single,3
671432260f5b80d8188b2fe1,FullPilot14,independent,3
671432260f5b80d8188b2fe1,FullPilot14,log-ratio,3
671432260f5b80d8188b2fe1,FullPilot14,single,3
67143d69d010fd19ac3a1e06,FullPilot14,independent,3
67143d69d010fd19ac3a1e06,FullPilot14,log-ratio,3
67143d69d010fd19ac3a1e06,FullPilot14,single,3
671813a64cc728d09ef7499d,FullPilot14,independent,3
671813a64cc728d09ef7499d,FullPilot14,log-ratio,3
671813a64cc728d09ef7499d,FullPilot14,single,3
6718b9bc107831749fa97950,FullPilot14,independent,3
6718b9bc107831749fa97950,FullPilot14,log-ratio,3
6718b9bc107831749fa97950,FullPilot14,single,3
671f8f783bd4d777e17c36e6,FullPilot14,independent,3
671f8f783bd4d777e17c36e6,FullPilot14,log-ratio,3
671f8f783bd4d777e17c36e6,FullPilot14,single,3
6728e9f22f76d709508acf02,FullPilot14,independent,3
6728e9f22f76d709508acf02,FullPilot14,log-ratio,3
6728e9f22f76d709508acf02,FullPilot14,single,3
673487045133bc17c8100d16,FullPilot14,independent,3
673487045133bc17c8100d16,FullPilot14,log-ratio,3
673487045133bc17c8100d16,FullPilot14,single,3
673cc81c2536e8c40857dc33,FullPilot14,independent,3
673cc81c2536e8c40857dc33,FullPilot14,log-ratio,3
673cc81c2536e8c40857dc33,FullPilot14,single,3
673efaa7caf0942718ac1631,FullPilot14,independent,3
673efaa7caf0942718ac1631,FullPilot14,log-ratio,3
673efaa7caf0942718ac1631,FullPilot14,single,3
6743a27eda56d91031757fdc,FullPilot14,independent,3
6743a27eda56d91031757fdc,FullPilot14,log-ratio,3
6743a27eda56d91031757fdc,FullPilot14,single,3
6745171138a79bddfee4e965,FullPilot14,independent,3
6745171138a79bddfee4e965,FullPilot14,log-ratio,3
6745171138a79bddfee4e965,FullPilot14,single,3
6746499fde684b081912c056,FullPilot14,independent,3
6746499fde684b081912c056,FullPilot14,log-ratio,3
6746499fde684b081912c056,FullPilot14,single,3
6751826af853585828786233,FullPilot14,independent,3
6751826af853585828786233,FullPilot14,log-ratio,3
6751826af853585828786233,FullPilot14,single,3
6751e21bab5bb259997e4c67,FullPilot14,independent,3
6751e21bab5bb259997e4c67,FullPilot14,log-ratio,3
6751e21bab5bb259997e4c67,FullPilot14,single,3
6752385b8b997da454e1b2b4,FullPilot14,independent,3
6752385b8b997da454e1b2b4,FullPilot14,log-ratio,3
6752385b8b997da454e1b2b4,FullPilot14,single,3
675708ab3fe4f014cb8f3100,FullPilot14,independent,3
675708ab3fe4f014cb8f3100,FullPilot14,log-ratio,3
675708ab3fe4f014cb8f3100,FullPilot14,single,3
67579b182f3a6e41fb761791,FullPilot14,independent,3
67579b182f3a6e41fb761791,FullPilot14,log-ratio,3
67579b182f3a6e41fb761791,FullPilot14,single,3
67594446e891cd9a76235f36,FullPilot14,independent,3
67594446e891cd9a76235f36,FullPilot14,log-ratio,3
67594446e891cd9a76235f36,FullPilot14,single,3
675967674f07f1afe5626a04,FullPilot14,independent,3
675967674f07f1afe5626a04,FullPilot14,log-ratio,3
675967674f07f1afe5626a04,FullPilot14,single,3
6759a46833a61fefe76b05ba,FullPilot14,independent,3
6759a46833a61fefe76b05ba,FullPilot14,log-ratio,3
6759a46833a61fefe76b05ba,FullPilot14,single,3
6759bab1432aedd5f3c18487,FullPilot14,independent,3
6759bab1432aedd5f3c18487,FullPilot14,log-ratio,3
6759bab1432aedd5f3c18487,FullPilot14,single,3
675b1e5ccc5e27bebe6ea4cb,FullPilot14,independent,3
675b1e5ccc5e27bebe6ea4cb,FullPilot14,log-ratio,3
675b1e5ccc5e27bebe6ea4cb,FullPilot14,single,3
675bead4e4f525677a43a27a,FullPilot14,independent,3
675bead4e4f525677a43a27a,FullPilot14,log-ratio,3
675bead4e4f525677a43a27a,FullPilot14,single,3
675d2f5d0cc936cb053e09eb,FullPilot14,independent,3
675d2f5d0cc936cb053e09eb,FullPilot14,log-ratio,3
675d2f5d0cc936cb053e09eb,FullPilot14,single,3
675d7c82a4e3245aa7687d52,FullPilot14,independent,3
675d7c82a4e3245aa7687d52,FullPilot14,log-ratio,3
675d7c82a4e3245aa7687d52,FullPilot14,single,3
675da16368f40dd379799754,FullPilot14,independent,3
675da16368f40dd379799754,FullPilot14,log-ratio,3
675da16368f40dd379799754,FullPilot14,single,3
675dd4aed41b2116f978a0a1,FullPilot14,independent,3
675dd4aed41b2116f978a0a1,FullPilot14,log-ratio,3
675dd4aed41b2116f978a0a1,FullPilot14,single,3
675edf24452fd3015aaee4dc,FullPilot14,independent,3
675edf24452fd3015aaee4dc,FullPilot14,log-ratio,3
675edf24452fd3015aaee4dc,FullPilot14,single,3
675eedc3e29d31f79d612346,FullPilot14,independent,3
675eedc3e29d31f79d612346,FullPilot14,log-ratio,3
675eedc3e29d31f79d612346,FullPilot14,single,3
675efe6044b2f5bde425ceac,FullPilot14,independent,3
675efe6044b2f5bde425ceac,FullPilot14,log-ratio,3
675efe6044b2f5bde425ceac,FullPilot14,single,3
67603ec6f369599a362eecb9,FullPilot14,independent,3
67603ec6f369599a362eecb9,FullPilot14,log-ratio,3
67603ec6f369599a362eecb9,FullPilot14,single,3
67628f7b4f57e91918c49e72,FullPilot14,independent,3
67628f7b4f57e91918c49e72,FullPilot14,log-ratio,3
67628f7b4f57e91918c49e72,FullPilot14,single,3
677a58735c4ac72aaffc95a7,FullPilot14,independent,3
677a58735c4ac72aaffc95a7,FullPilot14,log-ratio,3
677a58735c4ac72aaffc95a7,FullPilot14,single,3
677b177da6c75e1c1a0d8c5f,FullPilot14,independent,3
677b177da6c75e1c1a0d8c5f,FullPilot14,log-ratio,3
677b177da6c75e1c1a0d8c5f,FullPilot14,single,3
